Project ID,Project Town/City,Project ZIP Code,Electricity Utility Name,Natural Gas Utility Name,Audit Completed Date,NYSERDA Clean Energy Fund (CEF) Funding Amount (dollars),Georeference
434,Westtown,10998,Orange and Rockland Utilities,,9/7/2017,2500,POINT (-74.544095 41.329219)
428,Jeffersonville,12748,NYS Electric and Gas,,9/6/2017,2500,POINT (-74.92253 41.778955)
388,Springville,14141,National Grid,,9/6/2017,2500,POINT (-78.66726 42.50866)
453,Delhi,13753,NYS Electric and Gas,,9/6/2017,2500,POINT (-74.92022 42.27484)
407,Hobart,13788,NYS Electric and Gas,,9/6/2017,2500,POINT (-74.665813 42.355307)
319,Granville,12832,NYS Electric and Gas,,9/6/2017,2365,POINT (-73.26576 43.40466)
32,Johnstown,12095,National Grid,,9/6/2016,2500,POINT (-74.36846 43.00655)
15,Leonardsville,13364,NYS Electric and Gas,,9/6/2016,2500,POINT (-75.25273 42.80897)
856,Lyndonville,14098,National Grid,,9/5/2018,2500,POINT (-78.38875 43.3222)
755,Lyons,14489,NYS Electric and Gas,,9/5/2018,2500,POINT (-76.993653 43.084482)
427,Fly Creek,13337,NYS Electric and Gas,,9/5/2017,2500,POINT (-74.984785 42.741858)
406,Callicoon Center,12758,NYS Electric and Gas,,9/5/2017,2500,POINT (-74.94633 41.83883)
425,Schodack Landing,12156,National Grid,,9/5/2017,2500,POINT (-73.77006 42.47918)
777,Avoca,14809,NYS Electric and Gas,,9/4/2018,2500,POINT (-77.440737 42.418947)
651,Medina,14103,National Grid,,9/4/2018,2500,POINT (-78.38691 43.22012)
53,Romulus,13148,NYS Electric and Gas,,9/30/2016,1500,POINT (-76.8329 42.7522)
1299,Basom,14013,National Grid,,9/29/2021,5994,POINT (-78.39182 43.06602)
1212,Warsaw,14569,NYS Electric and Gas,,9/29/2020,2370,POINT (-78.1332 42.74022)
1039,Black River,13612,National Grid,,9/29/2019,2500,POINT (-75.79691 44.00616)
1020,Kirkville,13082,National Grid,,9/29/2019,2500,POINT (-75.95207 43.07563)
983,Newark Valley,13811,NYS Electric and Gas,,9/29/2019,2500,POINT (-76.169095 42.23117)
403,Granville,12832,NYS Electric and Gas,,9/29/2017,2200,POINT (-73.26576 43.40466)
1273,Constable,12926,National Grid,,9/28/2020,2500,POINT (-74.29712 44.92934)
1040,Byron,14422,National Grid,,9/28/2019,2500,POINT (-78.06382 43.07967)
1035,Turin,13473,National Grid,,9/28/2019,2500,POINT (-75.41 43.62556)
1015,Burt,14028,National Grid,,9/28/2019,5997,POINT (-78.71228 43.31645)
236,Chase Mills,13621,National Grid,,9/28/2017,2500,POINT (-75.08 44.84809)
675,Saratoga Springs,12866,National Grid,,9/27/2018,2500,POINT (-73.78441 43.08412)
36,Sharon Springs,13459,National Grid,,9/27/2016,2500,POINT (-74.61722 42.79531)
75,Burke,12917,NYS Electric and Gas,,9/27/2016,2500,POINT (-74.16902 44.90356)
86,New Berlin,13411,NYS Electric and Gas,,9/27/2016,2500,POINT (-75.315689 42.636759)
876,Johnstown,12095,National Grid,,9/26/2018,2500,POINT (-74.36846 43.00655)
868,Palatine Bridge,13428,National Grid,,9/26/2018,2500,POINT (-74.57371 42.91385)
637,LeRoy,14482,National Grid,,9/26/2018,4535,POINT (-77.99195 42.97768)
95,Manlius,13104,National Grid,,9/26/2017,6000,POINT (-75.9804 43.00234)
391,Ashville,14710,National Grid,,9/26/2017,2500,POINT (-79.37662 42.09658)
508,Goshen,10924,Orange and Rockland Utilities,,9/25/2017,2500,POINT (-74.343148 41.383219)
489,New Woodstock,13122,National Grid,,9/25/2017,2500,POINT (-75.85439 42.84827)
461,Montgomery,12549,Central Hudson Gas and Electric,,9/25/2017,2500,POINT (-74.244699 41.525344)
451,Memphis,13112,National Grid,,9/25/2017,2500,POINT (-76.37731 43.08348)
455,Jordan,13080,NYS Electric and Gas,,9/25/2017,2500,POINT (-76.47505 43.080792)
1000,Pine Bush,12566,Orange and Rockland Utilities,,9/24/2019,2500,POINT (-74.331639 41.624382)
824,Middleburgh,12122,National Grid,,9/24/2018,2500,POINT (-74.33441 42.59808)
439,Himrod,14842,NYS Electric and Gas,,9/24/2017,2500,POINT (-76.956238 42.594731)
394,Erieville,13061,National Grid,,9/24/2017,2090,POINT (-75.77011 42.85361)
409,Brooktondale,14817,NYS Electric and Gas,,9/24/2017,2500,POINT (-76.348898 42.366064)
1022,Conastota,13032,National Grid,,9/23/2019,2500,POINT (-75.75489 43.08027)
711,Argyle,12809,National Grid,,9/23/2018,2845,POINT (-73.49067 43.23541)
732,Sharon Springs,13459,National Grid,,9/23/2018,2500,POINT (-74.61722 42.79531)
879,Middleburgh,12122,National Grid,,9/23/2018,2500,POINT (-74.33441 42.59808)
990,Au Sable Forks,12912,NYS Electric and Gas,,9/21/2019,5072,POINT (-73.67684 44.44009)
462,Montgomery,12549,NYS Electric and Gas,,9/20/2017,2500,POINT (-74.244699 41.525344)
452,Oakfield,14125,National Grid,,9/20/2017,2500,POINT (-78.27071 43.06599)
412,Albion,14411,National Grid,,9/20/2017,2500,POINT (-78.19375 43.24607)
410,Baldwinsville,13027,National Grid,,9/20/2017,2500,POINT (-76.33276 43.15867)
483,Newburgh,12550,Central Hudson Gas and Electric,,9/20/2017,2500,POINT (-74.046775 41.529205)
379,Medina,14103,National Grid,,9/20/2017,2343,POINT (-78.38691 43.22012)
4,Cato,13033,Rochester Gas and Electric,,9/20/2016,2500,POINT (-76.57287 43.16905)
752,Watertown,13601,National Grid,,9/19/2018,2500,POINT (-75.91428 43.97586)
6,Groton,13073,NYS Electric and Gas,,9/19/2016,2500,POINT (-76.36787 42.59064)
417,West Valley,14171,National Grid,,9/18/2017,2476,POINT (-78.61228 42.4053)
418,Cowlesville,14037,NYS Electric and Gas,,9/18/2017,2500,POINT (-78.45719 42.809299)
498,Gardiner,12525,Central Hudson Gas and Electric,,9/18/2017,2500,POINT (-74.177103 41.683748)
402,Deanboro,13328,NYS Electric and Gas,,9/18/2017,2500,POINT (-75.42937 42.9946)
957,Panama,14767,National Grid,,9/17/2019,2500,POINT (-79.48365 42.07495)
895,Ransomville,14131,National Grid,,9/17/2019,2500,POINT (-78.90956 43.23844)
1057,Sloansville,12160,National Grid,,9/17/2019,2500,POINT (-74.32526 42.75718)
989,Spencer,14883,NYS Electric and Gas,,9/17/2019,2500,POINT (-76.484279 42.244555)
866,Shortsville,14548,Rochester Gas and Electric,,9/17/2018,2500,POINT (-77.24468 42.976557)
1220,Warsaw,14569,National Grid,,9/16/2020,4916,POINT (-78.1332 42.74022)
1143,Ripley,14775,National Grid,,9/16/2020,3414,POINT (-79.71066 42.2668)
1027,Jamesville,13078,National Grid,,9/16/2019,3460,POINT (-76.07025 42.9916)
813,Hoosick Falls,12090,National Grid,,9/16/2018,2500,POINT (-73.34957 42.90196)
741,Warners,13164,NYS Electric and Gas,,9/16/2018,2500,POINT (-76.32931 43.0859)
823,Middleburgh,12122,National Grid,,9/16/2018,2500,POINT (-74.33441 42.59808)
672,Delmar,12054,National Grid,,9/16/2018,2705,POINT (-73.83044 42.62312)
766,Waterloo,13165,NYS Electric and Gas,,9/16/2018,2500,POINT (-76.876553 42.911888)
680,Selkirk,12158,National Grid,,9/16/2018,2500,POINT (-73.79876 42.53269)
640,Waterloo,13165,National Grid,,9/16/2018,2615,POINT (-76.876553 42.911888)
1149,Romulus,14541,NYS Electric and Gas,,9/15/2021,2500,POINT (-76.8329 42.7522)
458,Walden,12586,Central Hudson Gas and Electric,,9/14/2017,2500,POINT (-74.174903 41.563126)
1148,Romulus,14541,NYS Electric and Gas,,9/13/2021,2500,POINT (-76.8329 42.7522)
1112,Lyons,14489,NYS Electric and Gas,,9/13/2021,2500,POINT (-76.993653 43.084482)
1115,Locke,13092,NYS Electric and Gas,,9/13/2021,2500,POINT (-76.42596 42.650898)
1194,Castorland,13620,National Grid,,9/13/2020,2482,POINT (-75.51238 43.88923)
47,Canajoharie,13317,National Grid,,9/13/2016,2500,POINT (-74.57167 42.90692)
68,Rushford,14737,Rochester Gas and Electric,,9/13/2016,1308,POINT (-78.25264 42.39233)
351,North Java,14113,National Grid,,9/12/2017,2500,POINT (-78.33763 42.69403)
444,Fulton,13069,National Grid,,9/12/2017,2500,POINT (-76.41527 43.32201)
286,Frankfort,13340,National Grid,,9/12/2017,2500,POINT (-75.07407 43.03638)
1164,Scipio Center,13147,NYS Electric and Gas,,9/1/2020,5749,POINT (-76.565785 42.778874)
13,Penn Yan,14527,NYS Electric and Gas,,9/1/2016,2500,POINT (-77.062296 42.662294)
497,Gardiner,12525,Central Hudson Gas and Electric,,9/11/2017,2500,POINT (-74.177103 41.683748)
311,Cortland,13045,National Grid,,9/11/2017,2500,POINT (-76.17484 42.60348)
430,Maryland,12116,National Grid,,9/11/2017,2500,POINT (-74.93232 42.5008)
312,Cortland,13045,National Grid,,9/11/2017,2500,POINT (-76.17484 42.60348)
456,Montgomery,12549,Central Hudson Gas and Electric,,9/11/2017,2500,POINT (-74.244699 41.525344)
457,Montgomery,12549,Central Hudson Gas and Electric,,9/11/2017,2500,POINT (-74.244699 41.525344)
289,DeKalb Junction,13630,National Grid,,9/11/2017,186,POINT (-75.27263 44.50433)
467,Cape Vincent,13618,National Grid,,9/11/2017,2500,POINT (-76.33544 44.12816)
305,Genoa,13071,NYS Electric and Gas,,9/11/2017,285,POINT (-76.543317 42.674217)
405,West Winfield,13491,NYS Electric and Gas,,9/11/2017,4765,POINT (-75.19378 42.88517)
287,Canton,13617,National Grid,,9/11/2017,258,POINT (-75.16983 44.59994)
386,Attica,14011,NYS Electric and Gas,,9/10/2017,2497,POINT (-78.28106 42.86402)
28,Cayuga,13034,NYS Electric and Gas,,8/8/2016,2500,POINT (-76.699462 42.913692)
849,Peru,12972,NYS Electric and Gas,,8/7/2018,2500,POINT (-73.544857 44.560576)
843,Canton,13617,National Grid,,8/7/2018,2245,POINT (-75.16983 44.59994)
696,Spencerport,14559,Rochester Gas and Electric,,8/7/2018,2500,POINT (-77.80545 43.18626)
694,Medine,14103,National Grid,,8/7/2018,2500,POINT (-78.38691 43.22012)
689,Argyle,12809,National Grid,,8/5/2018,2500,POINT (-73.49067 43.23541)
423,Evans Mills,13637,National Grid,,8/4/2017,2500,POINT (-75.8098 44.09095)
376,Barker,14012,National Grid,,8/3/2017,5980,POINT (-78.55259 43.33009)
387,Bliss,14024,Rochester Gas and Electric,,8/3/2017,2448,POINT (-78.2584 42.59483)
339,Newark,14513,NYS Electric and Gas,,8/31/2017,5126,POINT (-77.094618 43.063468)
454,Earlville,13332,NYS Electric and Gas,,8/31/2017,2500,POINT (-75.571537 42.759935)
471,Ellenburg Depot,12935,NYS Electric and Gas,,8/31/2017,2284,POINT (-73.79423 44.90621)
1256,Lockport,14094,National Grid,,8/30/2020,2500,POINT (-78.69511 43.16926)
359,Perry,14530,NYS Electric and Gas,,8/30/2017,3650,POINT (-78.0055 42.71961)
365,Victor,14564,Rochester Gas and Electric,,8/30/2017,2500,POINT (-77.40919 42.98244)
55,Cattaraugus,14719,National Grid,,8/30/2016,2500,POINT (-78.86829 42.32925)
393,Attica,14011,National Grid,,8/28/2017,2420,POINT (-78.28106 42.86402)
24,Futtonville,12072,National Grid,,8/28/2016,6000,POINT (-74.37026 42.94801)
463,Churchville,14428,National Grid,,8/27/2017,2500,POINT (-77.88466 43.10021)
429,Ithaca,14850,NYS Electric and Gas,,8/27/2017,2500,POINT (-76.49546 42.44051)
395,Kennedy,14747,National Grid,,8/27/2017,2500,POINT (-79.10155 42.15745)
442,Churchville,14428,National Grid,,8/27/2017,2500,POINT (-77.88466 43.10021)
398,Dewittville,14728,National Grid,,8/27/2017,2495,POINT (-79.44953 42.23911)
884,Georgetown,13072,NYS Electric and Gas,,8/26/2019,2500,POINT (-75.73769 42.76869)
1051,Spencer,14883,NYS Electric and Gas,,8/26/2019,2500,POINT (-76.484279 42.244555)
976,Bloomfield,14469,National Grid,,8/26/2019,2500,POINT (-77.43121 42.89798)
40,Dryden,13053,National Grid,,8/26/2016,2500,POINT (-76.29598 42.49062)
1006,Cortland,13045,National Grid,,8/25/2019,2500,POINT (-76.17484 42.60348)
38,Fort Plain,13339,National Grid,,8/25/2016,2481,POINT (-74.62332 42.93068)
3,Croghan,13327,National Grid,,8/25/2016,2500,POINT (-75.39118 43.89781)
1017,Belmont,14813,NYS Electric and Gas,,8/24/2019,2500,POINT (-77.99246 42.242569)
340,Ellenburg Depot,12935,NYS Electric and Gas,,8/24/2018,1300,POINT (-73.79423 44.90621)
341,Ellenburg Depot,12935,NYS Electric and Gas,,8/24/2018,2677,POINT (-73.79423 44.90621)
342,Ellenburg Depot,12935,NYS Electric and Gas,,8/24/2018,1221,POINT (-73.79423 44.90621)
343,Fort Ann,12827,National Grid,,8/24/2017,322,POINT (-73.49172 43.41455)
29,Lyons,14489,NYS Electric and Gas,,8/24/2016,2500,POINT (-76.993653 43.084482)
1291,Granville,12832,NYS Electric and Gas,,8/23/2021,2487,POINT (-73.26576 43.40466)
846,Tully,13159,National Grid,,8/23/2018,2500,POINT (-76.10971 42.79814)
344,Plattsburgh,12901,NYS Electric and Gas,,8/23/2017,3329,POINT (-73.45303 44.69913)
397,Westport,12993,NYS Electric and Gas,,8/23/2017,2492,POINT (-73.43526 44.18421)
465,Verona,13478,National Grid,,8/23/2017,2500,POINT (-75.57247 43.14021)
245,Bloomville,13739,NYS Electric and Gas,,8/23/2017,2496,POINT (-74.807 42.33319)
27,Union Springs,13160,NYS Electric and Gas,,8/23/2016,2500,POINT (-76.659767 42.826929)
668,Shortsville,14548,Rochester Gas and Electric,,8/22/2018,2500,POINT (-77.24468 42.976557)
674,Waterport,14571,National Grid,,8/2/2018,2500,POINT (-78.25147 43.32171)
790,Central Square,13036,National Grid,,8/21/2018,2500,POINT (-76.14623 43.28643)
850,Madrid,13660,National Grid,,8/21/2018,2500,POINT (-75.13388 44.74886)
437,Marathon,13803,NYS Electric and Gas,,8/21/2017,2500,POINT (-76.03513 42.44036)
961,Fillmore,14735,Rochester Gas and Electric,,8/20/2019,5349,POINT (-78.1129 42.46588)
111,Elbridge,13060,NYS Electric and Gas,,8/17/2017,6000,POINT (-76.45103 43.03397)
347,Clifton Springs,14432,NYS Electric and Gas,,8/17/2017,2500,POINT (-77.143807 42.961921)
33,Lowville,13367,National Grid,,8/17/2016,2500,POINT (-75.49047 43.78695)
18,Constable,12926,NYS Electric and Gas,,8/17/2016,2500,POINT (-74.29712 44.92934)
25,Ithaca,14850,NYS Electric and Gas,,8/16/2016,2500,POINT (-76.49546 42.44051)
64,Lockport,14094,National Grid,,8/16/2016,5775,POINT (-78.69511 43.16926)
65,Lowville,13367,National Grid,,8/16/2016,2206,POINT (-75.49047 43.78695)
993,Derby,14047,National Grid,,8/15/2019,2034,POINT (-78.97816 42.68146)
264,Middletown,10941,Orange and Rockland Utilities,,8/15/2017,6000,POINT (-74.354005 41.485086)
61,Plymouth,13832,NYS Electric and Gas,,8/15/2016,2500,POINT (-75.668499 42.652483)
46,Clintondale,12515,Central Hudson Gas and Electric,,8/15/2016,2500,POINT (-74.064032 41.680461)
954,Webster,14580,Rochester Gas and Electric,,8/14/2019,2500,POINT (-77.43013 43.21753)
872,Avoca,14809,NYS Electric and Gas,,8/14/2018,2500,POINT (-77.440737 42.418947)
1033,Oxford,13830,NYS Electric and Gas,,8/13/2019,2500,POINT (-75.628966 42.443227)
953,Verona,13478,National Grid,,8/13/2019,2500,POINT (-75.57247 43.14021)
904,Cayuta,14824,NYS Electric and Gas,,8/13/2019,2500,POINT (-76.701194 42.267462)
977,Greenwich,12834,National Grid,,8/13/2019,2500,POINT (-73.49696 43.08752)
959,Lawtons,14091,National Grid,,8/13/2019,2500,POINT (-78.93077 42.53778)
940,Clarence Center,14032,NYS Electric and Gas,,8/13/2019,2500,POINT (-78.63716 43.01309)
1038,Arcade,14009,NYS Electric and Gas,,8/12/2019,2500,POINT (-78.42825 42.53383)
892,Whitesville,14897,National Grid,,8/1/2019,2500,POINT (-77.76974 42.03783)
459,Hannibal,13074,National Grid,,8/1/2018,3853,POINT (-76.58071 43.32133)
19,Wawarsing,12489,Central Hudson Gas and Electric,,8/1/2016,2500,POINT (-74.35863 41.75765)
43,Groton,13073,NYS Electric and Gas,,8/1/2016,1500,POINT (-76.36787 42.59064)
1297,New Paltz,12561,Central Hudson Gas and Electric,,8/11/2021,2500,POINT (-74.07846 41.74611)
1119,Hammondsport,14840,NYS Electric and Gas,,8/11/2021,2500,POINT (-77.181609 42.444864)
1062,Rochester,14609,Rochester Gas and Electric,,8/11/2020,3107,POINT (-77.57289 43.16417)
539,DeRuyter,13052,National Grid,,8/11/2019,2500,POINT (-75.8862 42.75689)
1117,Lansing,14882,NYS Electric and Gas,,8/10/2021,2500,POINT (-76.555392 42.576404)
978,Schenectady,12306,National Grid,,7/9/2019,2500,POINT (-73.96451 42.78765)
654,Rexville,14877,NYS Electric and Gas,,7/9/2018,2500,POINT (-77.66125 42.08494)
30,Lowville,13367,National Grid,,7/9/2018,2500,POINT (-75.49047 43.78695)
775,North Collins,14111,National Grid,,7/9/2018,3153,POINT (-78.94095 42.59468)
955,Seward,12043,National Grid,,7/8/2019,2580,POINT (-74.6124 42.71962)
991,Canastota,13032,National Grid,,7/8/2019,2500,POINT (-75.75489 43.08027)
330,Montgomery,12549,NYS Electric and Gas,,7/7/2017,2500,POINT (-74.244699 41.525344)
329,Middletown,10941,Orange and Rockland Utilities,,7/6/2017,2500,POINT (-74.354005 41.485086)
331,Middletown,10941,Orange and Rockland Utilities,,7/6/2017,2500,POINT (-74.354005 41.485086)
396,Schoharie,12157,National Grid,,7/6/2017,2500,POINT (-74.31147 42.6644)
335,Pine Bush,12566,NYS Electric and Gas,,7/6/2017,2500,POINT (-74.331639 41.624382)
372,Theresa,13691,National Grid,,7/6/2017,2500,POINT (-75.80635 44.2175)
855,Corning,14830,NYS Electric and Gas,,7/5/2018,2500,POINT (-77.05456 42.14326)
1313,Naples,14512,NYS Electric and Gas,,7/4/2021,2120,POINT (-77.391738 42.639555)
641,Lodi,14860,NYS Electric and Gas,,7/4/2018,2500,POINT (-76.82199 42.61403)
841,Chateaugay,12920,NYS Electric and Gas,,7/4/2018,2500,POINT (-74.063438 44.901726)
754,Whitesville,14897,National Grid,,7/4/2018,2500,POINT (-77.76974 42.03783)
810,Kingston,12401,Central Hudson Gas and Electric,,7/4/2018,2500,POINT (-73.99737 41.92698)
635,Dundee,14837,NYS Electric and Gas,,7/4/2018,2500,POINT (-77.010042 42.501328)
873,Pine Island,10969,Orange and Rockland Utilities,,7/31/2018,2500,POINT (-74.486965 41.292249)
354,Hudson Falls,12839,National Grid,,7/31/2017,2500,POINT (-73.58407 43.30447)
17,Ithaca,14850,NYS Electric and Gas,,7/31/2016,2500,POINT (-76.49546 42.44051)
769,Freeville,13068,NYS Electric and Gas,,7/30/2018,2500,POINT (-76.359264 42.505028)
665,Old Chatham,12136,NYS Electric and Gas,,7/30/2018,2500,POINT (-73.558548 42.431684)
727,Preble,13141,National Grid,,7/29/2018,2500,POINT (-76.14677 42.73504)
627,Waterloo,13165,NYS Electric and Gas,,7/29/2018,5000,POINT (-76.876553 42.911888)
52,Turin,13473,National Grid,,7/28/2016,2500,POINT (-75.41 43.62556)
345,Richfield Springs,13439,NYS Electric and Gas,,7/27/2017,2500,POINT (-74.997512 42.853108)
9,Canton,13617,National Grid,,7/27/2016,2500,POINT (-75.16983 44.59994)
747,Greenwich,12834,National Grid,,7/26/2018,2500,POINT (-73.49696 43.08752)
422,Oxford,13830,NYS Electric and Gas,,7/26/2017,2495,POINT (-75.628966 42.443227)
385,Amenia,12501,NYS Electric and Gas,,7/26/2017,2500,POINT (-73.55895 41.858997)
48,Watertown,13601,National Grid,,7/26/2016,2478,POINT (-75.91428 43.97586)
31,Bliss,14024,National Grid,,7/25/2016,5632,POINT (-78.2584 42.59483)
390,Sidney Center,13839,NYS Electric and Gas,,7/24/2017,2500,POINT (-75.256085 42.245845)
424,Whitney Point,13862,NYS Electric and Gas,,7/24/2017,2484,POINT (-75.940895 42.330498)
375,West Edmeston,13485,NYS Electric and Gas,,7/24/2017,2365,POINT (-75.27863 42.76337)
353,Cazenovia,13035,National Grid,,7/24/2017,5434,POINT (-75.84845 42.9296)
306,Hudson Falls,12839,National Grid,,7/24/2017,5000,POINT (-73.58407 43.30447)
438,South Plymouth,13844,NYS Electric and Gas,,7/24/2017,2500,POINT (-75.674315 42.609119)
408,Saranac,12981,NYS Electric and Gas,,7/24/2017,2122,POINT (-73.73819 44.6542)
797,Moravia,13118,NYS Electric and Gas,,7/23/2018,2500,POINT (-76.42153 42.71215)
859,Homer,13077,National Grid,,7/23/2018,2500,POINT (-76.18838 42.64362)
272,Scipio Center,13147,NYS Electric and Gas,,7/23/2017,2500,POINT (-76.565785 42.778874)
1267,Moravia,13118,NYS Electric and Gas,,7/22/2020,2304,POINT (-76.42153 42.71215)
929,Fort Plain,13339,National Grid,,7/22/2019,2540,POINT (-74.62332 42.93068)
659,Freeville,13068,NYS Electric and Gas,,7/22/2018,2500,POINT (-76.359264 42.505028)
924,Patterson,12563,NYS Electric and Gas,,7/21/2019,2500,POINT (-73.584646 41.488946)
1029,Madison,13402,NYS Electric and Gas,,7/21/2019,1890,POINT (-75.50622 42.90094)
420,Hoosick Falls,12090,National Grid,,7/21/2017,2500,POINT (-73.34957 42.90196)
322,Berne,12023,National Grid,,7/21/2017,4425,POINT (-74.14201 42.62536)
370,Franklin,13775,NYS Electric and Gas,,7/21/2017,2500,POINT (-75.16705 42.34168)
1145,Amsterdam,12010,National Grid,,7/20/2020,5622,POINT (-74.18893 42.93896)
443,Deruyter,13052,National Grid,,7/20/2017,2390,POINT (-75.8862 42.75689)
839,Woodburne,12788,NYS Electric and Gas,,7/19/2018,2500,POINT (-74.59753 41.76023)
780,Aurora,13026,NYS Electric and Gas,,7/19/2018,2500,POINT (-76.664773 42.746809)
848,Peru,12972,NYS Electric and Gas,,7/19/2018,2500,POINT (-73.544857 44.560576)
717,Portland,14769,National Grid,,7/19/2018,2729,POINT (-79.48654 42.36162)
794,Groton,13073,NYS Electric and Gas,,7/19/2018,2500,POINT (-76.36787 42.59064)
671,Hector,14841,NYS Electric and Gas,,7/18/2018,2500,POINT (-76.87639 42.50724)
147,Norwich,13815,NYS Electric and Gas,,7/18/2017,2500,POINT (-75.535533 42.549221)
254,Delhi,13753,NYS Electric and Gas,,7/18/2017,2429,POINT (-74.92022 42.27484)
367,Walton,13856,NYS Electric and Gas,,7/18/2017,2500,POINT (-75.164794 42.17512)
239,Wellsville,14895,National Grid,,7/18/2017,4059,POINT (-77.95925 42.12789)
240,Malta,12020,National Grid,,7/18/2017,1341,POINT (-73.79157 42.96294)
415,Walton,13856,NYS Electric and Gas,,7/18/2017,2500,POINT (-75.164794 42.17512)
1026,Hubbardsville,13355,NYS Electric and Gas,,7/17/2019,2500,POINT (-75.427828 42.809923)
762,Delanson,12053,National Grid,,7/17/2018,2450,POINT (-74.18579 42.74899)
827,Goshen,10924,Orange and Rockland Utilities,,7/17/2018,2500,POINT (-74.343148 41.383219)
793,Tully,13159,National Grid,,7/17/2018,2500,POINT (-76.10971 42.79814)
148,Lee Center,13363,National Grid,,7/17/2017,6000,POINT (-75.52652 43.3046)
404,Deruyter,13052,National Grid,,7/17/2017,2426,POINT (-75.8862 42.75689)
23,Union Springs,13160,NYS Electric and Gas,,7/17/2016,2500,POINT (-76.659767 42.826929)
1047,Sauquoit,13456,National Grid,,7/16/2019,2500,POINT (-75.25833 43.00464)
363,Ellenburg Depot,12935,NYS Electric and Gas,,7/16/2017,2058,POINT (-73.79423 44.90621)
392,Coeyman Hollow,12046,National Grid,,7/16/2017,2500,POINT (-73.89379 42.47095)
318,Cuyler,13158,National Grid,,7/16/2017,2500,POINT (-75.94973 42.73756)
356,Malone,12953,NYS Electric and Gas,,7/16/2017,1732,POINT (-74.29497 44.84879)
822,Pine City,14871,NYS Electric and Gas,,7/15/2018,2500,POINT (-76.910385 42.041287)
817,Poughkeepsie,12603,Central Hudson Gas and Electric,,7/15/2018,2497,POINT (-73.89913 41.69802)
829,Goshen,10924,Orange and Rockland Utilities,,7/15/2018,2500,POINT (-74.343148 41.383219)
368,Penn Yan,14527,NYS Electric and Gas,,7/14/2017,2500,POINT (-77.062296 42.662294)
371,Middle Granville,12849,NYS Electric and Gas,,7/13/2017,1860,POINT (-73.28362 43.43248)
357,Ellenburg Depot,12935,NYS Electric and Gas,,7/13/2017,2191,POINT (-73.79423 44.90621)
326,Fort Ann,12827,National Grid,,7/12/2017,2500,POINT (-73.49172 43.41455)
320,Newport,13416,National Grid,,7/12/2017,2090,POINT (-75.01815 43.19067)
54,Rome,13440,National Grid,,7/12/2016,2357,POINT (-75.45336 43.21516)
951,Poughkeepsie,12601,Central Hudson Gas and Electric,,7/1/2019,4579,POINT (-73.92915 41.70712)
728,Mahopac,10541,NYS Electric and Gas,,7/11/2018,2500,POINT (-73.750913 41.373567)
685,Spencer,14883,NYS Electric and Gas,,7/11/2018,2500,POINT (-76.484279 42.244555)
384,Ellenburg,12934,NYS Electric and Gas,,7/11/2017,1913,POINT (-73.83788 44.89381)
271,Rome,13440,National Grid,,7/11/2017,2500,POINT (-75.45336 43.21516)
847,N. Bangor,12966,National Grid,,7/10/2018,2500,POINT (-74.40121 44.84202)
761,Mexico,13114,National Grid,,7/10/2018,2500,POINT (-76.23148 43.45966)
324,Wolcott,14590,Rochester Gas and Electric,,7/10/2017,2500,POINT (-76.828703 43.240455)
419,Chazy,12921,NYS Electric and Gas,,7/10/2017,2499,POINT (-73.43552 44.88589)
34,Locke,13092,NYS Electric and Gas,,7/10/2017,5983,POINT (-76.42596 42.650898)
360,Greenwich,12834,National Grid,,7/10/2017,2500,POINT (-73.49696 43.08752)
1281,Buffalo,14211,National Grid,,6/8/2021,4063,POINT (-78.80541 42.90981)
1173,Eden,14075,National Grid,,6/8/2021,2500,POINT (-78.88597 42.66683)
297,Pulaski,13142,National Grid,,6/8/2017,140,POINT (-76.12753 43.56682)
314,Lacona,13083,National Grid,,6/8/2017,2500,POINT (-76.06941 43.64346)
1,Schaghticoke,12154,National Grid,,6/8/2016,2500,POINT (-73.58644 42.89705)
1003,North Salem,10560,NYS Electric and Gas,,6/7/2019,2500,POINT (-73.611084 41.333012)
998,Middletown,10940,Orange and Rockland Utilities,,6/7/2019,2500,POINT (-74.42261 41.44584)
293,LaFargeville,13656,National Grid,,6/7/2017,2500,POINT (-75.96182 44.19682)
49,Auburn,13021,NYS Electric and Gas,,6/7/2016,1500,POINT (-76.56591 42.92936)
26,Lisbon,13658,National Grid,,6/7/2016,1500,POINT (-75.31959 44.72815)
939,North Salem,10560,NYS Electric and Gas,,6/6/2019,5976,POINT (-73.611084 41.333012)
826,Walton,13856,NYS Electric and Gas,,6/6/2019,1996,POINT (-75.164794 42.17512)
274,Strykersville,14145,NYS Electric and Gas,,6/5/2017,2450,POINT (-78.431089 42.727885)
840,South New Berlin,13843,NYS Electric and Gas,,6/4/2018,2500,POINT (-75.373046 42.524079)
645,Bovina,13740,NYS Electric and Gas,,6/4/2018,2500,POINT (-74.78487 42.26207)
381,Canton,13617,National Grid,,6/30/2017,2500,POINT (-75.16983 44.59994)
11,Mooers,12958,NYS Electric and Gas,,6/30/2016,2500,POINT (-73.58543 44.96041)
369,Waddington,13694,National Grid,,6/29/2017,2500,POINT (-75.20182 44.86345)
323,North Lawrence,12967,National Grid,,6/29/2017,2500,POINT (-74.67763 44.80472)
355,Poestenkill,12140,National Grid,,6/28/2017,2500,POINT (-73.56809 42.68283)
378,Darien Center,14040,National Grid,,6/28/2017,2500,POINT (-78.38899 42.90073)
736,Penn Yan,14527,NYS Electric and Gas,,6/27/2018,2500,POINT (-77.062296 42.662294)
630,Elmira,14901,NYS Electric and Gas,,6/27/2018,2500,POINT (-76.765553 42.080995)
616,Gabriels,12983,National Grid,,6/27/2018,2500,POINT (-74.17663 44.43074)
265,Barker,14012,National Grid,,6/27/2017,2500,POINT (-78.55259 43.33009)
181,Elmira,14901,NYS Electric and Gas,,6/27/2017,2500,POINT (-76.765553 42.080995)
349,Plattsburgh,12901,NYS Electric and Gas,,6/27/2017,2500,POINT (-73.45303 44.69913)
948,Skaneateles,13152,National Grid,,6/26/2019,5200,POINT (-76.42754 42.94564)
996,Central Bridge,12035,National Grid,,6/26/2019,2500,POINT (-74.33618 42.71438)
970,Honeoye Falls,14472,National Grid,,6/25/2019,2500,POINT (-77.59084 42.95282)
945,Franklin,13775,NYS Electric and Gas,,6/25/2019,2500,POINT (-75.16705 42.34168)
995,Canastota,13032,National Grid,,6/25/2019,6000,POINT (-75.75489 43.08027)
617,Chazy,12921,NYS Electric and Gas,,6/25/2018,5045,POINT (-73.43552 44.88589)
598,McDonough,13801,NYS Electric and Gas,,6/24/2018,2500,POINT (-75.76947 42.49839)
915,Glenville,12302,National Grid,,6/23/2019,4868,POINT (-73.9324 42.86907)
1305,Sharon Springs,13459,National Grid,,6/22/2021,2500,POINT (-74.61722 42.79531)
1314,Geneseo,14454,National Grid,,6/22/2021,2040,POINT (-77.81721 42.79364)
336,Schuylerville,12871,National Grid,,6/22/2017,2500,POINT (-73.58145 43.09961)
104,Fabius,13063,National Grid,,6/22/2017,2133,POINT (-75.98716 42.83497)
243,Delhi,13753,NYS Electric and Gas,,6/2/2017,2492,POINT (-74.92022 42.27484)
358,Argyle,12809,National Grid,,6/21/2017,2500,POINT (-73.49067 43.23541)
270,Springville,14141,NYS Electric and Gas,,6/21/2017,2006,POINT (-78.66726 42.50866)
176,North Java,14113,NYS Electric and Gas,,6/21/2017,5207,POINT (-78.33763 42.69403)
141,Utica,13502,National Grid,,6/21/2017,2500,POINT (-75.24245 43.10124)
838,Cincinnatus,13040,NYS Electric and Gas,,6/20/2018,2500,POINT (-75.89576 42.54157)
845,West Eameston,13485,NYS Electric and Gas,,6/20/2018,2500,POINT (-75.27863 42.76337)
629,Watkins Glen,14891,NYS Electric and Gas,,6/20/2018,2500,POINT (-76.93086 42.374999)
310,Mount Upton,13809,NYS Electric and Gas,,6/20/2017,2227,POINT (-75.396249 42.407791)
366,Cherry Creek,14723,NYS Electric and Gas,,6/20/2017,2500,POINT (-79.09198 42.29336)
12,Berkshire,13736,NYS Electric and Gas,,6/20/2016,2500,POINT (-76.19603 42.316603)
779,Owego,13827,NYS Electric and Gas,,6/19/2018,2500,POINT (-76.252877 42.111474)
350,Fonda,12068,National Grid,,6/19/2017,2496,POINT (-74.3745 42.95452)
413,Greene,13778,NYS Electric and Gas,,6/19/2017,150,POINT (-75.77401 42.33178)
21,Neversink,12765,NYS Electric and Gas,,6/19/2016,1500,POINT (-74.615223 41.848701)
1269,Brooklyn,11222,Consolidated Edison,,6/18/2021,2500,POINT (-73.95241 40.72997)
1165,Rome,13440,National Grid,,6/18/2020,2500,POINT (-75.45336 43.21516)
972,Gasport,14067,National Grid,,6/18/2019,2500,POINT (-78.5731 43.19823)
796,South Otselic,13155,NYS Electric and Gas,,6/18/2018,2500,POINT (-75.78037 42.6472)
788,Sprakers,12166,National Grid,,6/18/2018,2500,POINT (-74.51427 42.89135)
632,Lisle,13797,NYS Electric and Gas,,6/18/2018,5035,POINT (-76.031586 42.337886)
742,Salem,12865,NYS Electric and Gas,,6/18/2018,2500,POINT (-73.32778 43.17432)
582,Westport,12993,NYS Electric and Gas,,6/18/2018,2500,POINT (-73.43526 44.18421)
83,Auburn,13021,NYS Electric and Gas,,6/18/2017,5000,POINT (-76.56591 42.92936)
1215,Fulton,13069,National Grid,,6/17/2021,2500,POINT (-76.41527 43.32201)
881,Shortsville,14548,Rochester Gas and Electric,,6/17/2019,2499,POINT (-77.24468 42.976557)
673,Keeseville,12944,NYS Electric and Gas,,6/17/2018,4675,POINT (-73.491231 44.471398)
781,Fort Covington,12937,National Grid,,6/17/2018,2500,POINT (-74.49412 44.98874)
291,Carthage,13619,National Grid,,6/15/2017,2500,POINT (-75.60618 43.98008)
74,Marcy,13403,National Grid,,6/15/2017,2500,POINT (-75.27464 43.14125)
294,Avon,14414,National Grid,,6/15/2017,2500,POINT (-77.74699 42.91257)
136,Goshen,10924,Orange and Rockland Utilities,,6/15/2017,2500,POINT (-74.343148 41.383219)
35,Locke,13092,NYS Electric and Gas,,6/15/2016,1500,POINT (-76.42596 42.650898)
619,Ellenburg Center,12934,NYS Electric and Gas,,6/14/2018,2500,POINT (-73.889006 44.84782)
578,Mannsville,13636,National Grid,,6/14/2018,2500,POINT (-76.06309 43.71363)
716,Sidney Center,13839,NYS Electric and Gas,,6/14/2018,2500,POINT (-75.256085 42.245845)
325,Wolcott,14590,Rochester Gas and Electric,,6/14/2017,2500,POINT (-76.828703 43.240455)
37,Vernon,13476,National Grid,,6/14/2016,1500,POINT (-75.53942 43.07951)
1302,Merrill,12955,NYS Electric and Gas,,6/13/2021,2334,POINT (-73.95946 44.76513)
208,Cazenovia,13035,National Grid,,6/13/2017,2500,POINT (-75.84845 42.9296)
348,Bainbridge,13733,NYS Electric and Gas,,6/13/2017,2500,POINT (-75.481703 42.309793)
327,Fort Covington,12937,National Grid,,6/12/2017,2500,POINT (-74.49412 44.98874)
5,LeRoy,14482,National Grid,,6/12/2017,2500,POINT (-77.99195 42.97768)
337,Groton,13073,NYS Electric and Gas,,6/12/2017,757,POINT (-76.36787 42.59064)
1285,Goshen,10924,Orange and Rockland Utilities,,6/1/2021,2500,POINT (-74.343148 41.383219)
202,Dryden,13053,NYS Electric and Gas,,6/1/2017,5998,POINT (-76.29598 42.49062)
10,Buskirk,12028,National Grid,,6/1/2016,2500,POINT (-73.43302 42.95796)
815,Highland,12528,Central Hudson Gas and Electric,,6/11/2018,3285,POINT (-73.991662 41.730554)
738,Preble,13141,National Grid,,6/11/2018,2500,POINT (-76.14677 42.73504)
819,Carlisle,12043,National Grid,,6/11/2018,2500,POINT (-74.44387 42.75687)
192,Canastota,13032,National Grid,,6/11/2017,2500,POINT (-75.75489 43.08027)
888,Germantown,12526,National Grid,,6/10/2019,2500,POINT (-73.88513 42.13311)
967,Dundee,14837,NYS Electric and Gas,,6/10/2019,2500,POINT (-77.010042 42.501328)
743,Herkimer,13350,National Grid,,6/10/2018,2500,POINT (-74.98433 43.0259)
222,Walworth,14568,NYS Electric and Gas,,5/9/2017,5530,POINT (-77.283425 43.141672)
249,Philadelphia,13673,National Grid,,5/9/2017,2500,POINT (-75.70751 44.15819)
1152,Essex,12936,NYS Electric and Gas,,5/8/2020,2500,POINT (-73.35138 44.30897)
992,Endicott,13760,NYS Electric and Gas,,5/8/2019,2500,POINT (-76.063761 42.119277)
784,Central Square,13036,National Grid,,5/8/2019,2500,POINT (-76.14623 43.28643)
708,Cassville,13318,National Grid,,5/8/2018,2492,POINT (-75.25531 42.94592)
724,Constableville,13325,National Grid,,5/8/2018,2500,POINT (-75.42977 43.56353)
299,Rome,13440,National Grid,,5/8/2017,2500,POINT (-75.45336 43.21516)
1064,Phelps,14532,NYS Electric and Gas,,5/7/2020,2500,POINT (-77.03072 42.963923)
963,Chittenango,13037,National Grid,,5/7/2019,2500,POINT (-75.8756 43.0438)
733,New Paltz,12561,Central Hudson Gas and Electric,,5/6/2018,2500,POINT (-74.07846 41.74611)
647,South Kortright,13842,NYS Electric and Gas,,5/6/2018,2500,POINT (-74.724579 42.380707)
491,East Syracuse,13057,National Grid,,5/6/2018,5996,POINT (-76.071 43.06468)
698,Rome,13440,National Grid,,5/6/2018,4170,POINT (-75.45336 43.21516)
677,Sharon Springs,13459,National Grid,,5/6/2018,2500,POINT (-74.61722 42.79531)
753,Attica,14011,National Grid,,5/6/2018,2500,POINT (-78.28106 42.86402)
835,Wallkill,12589,Central Hudson Gas and Electric,,5/5/2019,2500,POINT (-74.144403 41.619869)
942,Mt. Morris,14510,National Grid,,5/5/2019,2500,POINT (-77.8741 42.72573)
266,Pulaski,13142,National Grid,,5/5/2017,691,POINT (-76.12753 43.56682)
279,Atlanta,14808,NYS Electric and Gas,,5/4/2017,1500,POINT (-77.47228 42.55434)
652,Philadelphia,13673,National Grid,,5/3/2018,2500,POINT (-75.70751 44.15819)
678,Utica,13502,National Grid,,5/3/2018,2500,POINT (-75.24245 43.10124)
643,Halcott Center,12430,NYS Electric and Gas,,5/3/2018,4170,POINT (-74.49373 42.18714)
102,Trumansburg,14886,NYS Electric and Gas,,5/3/2017,2500,POINT (-76.681095 42.509918)
748,St. Johnsville,13452,National Grid,,5/31/2018,2500,POINT (-74.628407 43.030313)
599,Delancey,13752,NYS Electric and Gas,,5/31/2018,2500,POINT (-74.907834 42.166981)
633,Whitney Point,13862,NYS Electric and Gas,,5/31/2018,5455,POINT (-75.940895 42.330498)
649,Sidney Center,13839,NYS Electric and Gas,,5/31/2018,2500,POINT (-75.256085 42.245845)
301,Castorland,13620,National Grid,,5/31/2017,2500,POINT (-75.51238 43.88923)
830,Otisville,10963,Orange and Rockland Utilities,,5/30/2018,2500,POINT (-74.53762 41.467452)
842,Westtown,10969,Orange and Rockland Utilities,,5/30/2018,2500,POINT (-74.54127 41.33593)
308,Newark Valley,13811,NYS Electric and Gas,,5/30/2017,2500,POINT (-76.169095 42.23117)
597,Corfu,14036,National Grid,,5/29/2018,5063,POINT (-78.40587 42.96425)
828,Chester,10918,Orange and Rockland Utilities,,5/29/2018,2500,POINT (-74.259501 41.349912)
834,Pine Island,10969,Orange and Rockland Utilities,,5/29/2018,2500,POINT (-74.486965 41.292249)
246,Palatine Bridge,13428,National Grid,,5/29/2017,2500,POINT (-74.57371 42.91385)
832,Westown,10998,Orange and Rockland Utilities,,5/28/2018,2500,POINT (-74.54127 41.33593)
1136,Champlain,12919,NYS Electric and Gas,,5/27/2020,2500,POINT (-73.443786 44.96935)
298,Berne,12023,National Grid,,5/25/2017,2269,POINT (-74.14201 42.62536)
1308,Ogdensburg,13669,National Grid,,5/24/2021,2500,POINT (-75.48994 44.69424)
693,Clinton,13323,National Grid,,5/24/2018,2500,POINT (-75.37879 43.04824)
695,Clarence Center,14032,NYS Electric and Gas,,5/24/2018,2570,POINT (-78.63716 43.01309)
791,Cobleskill,12043,National Grid,,5/24/2018,2500,POINT (-74.48317 42.6782)
789,Pattersonville,12137,National Grid,,5/24/2018,2500,POINT (-74.07787 42.88896)
638,Akron,14001,National Grid,,5/24/2018,2500,POINT (-78.50198 43.02019)
816,Clintondale,12515,Central Hudson Gas and Electric,,5/24/2018,2500,POINT (-74.064032 41.680461)
831,Pine Island,10969,Orange and Rockland Utilities,,5/24/2018,2500,POINT (-74.486965 41.292249)
812,Groveland,14462,National Grid,,5/23/2018,4395,POINT (-77.76808 42.66293)
283,Ithaca,14850,NYS Electric and Gas,,5/23/2017,2500,POINT (-76.49546 42.44051)
317,Lafayette,13084,National Grid,,5/23/2017,2500,POINT (-76.10905 42.90087)
313,Cortland,13045,National Grid,,5/23/2017,1500,POINT (-76.17484 42.60348)
756,New Hartford,13413,National Grid,,5/22/2018,2500,POINT (-75.28704 43.07179)
636,Castorland,13620,National Grid,,5/22/2018,2500,POINT (-75.51238 43.88923)
804,Ballston Spa,12020,National Grid,,5/22/2018,2493,POINT (-73.85124 43.00242)
745,Norwich,13815,NYS Electric and Gas,,5/22/2018,2489,POINT (-75.535533 42.549221)
352,Kennedy,14747,NYS Electric and Gas,,5/22/2017,2319,POINT (-79.10155 42.15745)
334,Croghan,13327,National Grid,,5/22/2017,2500,POINT (-75.39118 43.89781)
715,Casterland,13620,National Grid,,5/2/2018,2500,POINT (-75.51238 43.88923)
242,Marathon,13803,NYS Electric and Gas,,5/2/2017,2500,POINT (-76.03513 42.44036)
307,Canastota,13032,National Grid,,5/2/2017,2500,POINT (-75.75489 43.08027)
207,Granville,12832,NYS Electric and Gas,,5/2/2017,2500,POINT (-73.26576 43.40466)
241,Angola,14006,National Grid,,5/2/2017,2500,POINT (-79.02881 42.63739)
966,Springville,14141,National Grid,,5/21/2019,2500,POINT (-78.66726 42.50866)
446,Waterville,13480,NYS Electric and Gas,,5/21/2019,2500,POINT (-75.366762 42.914366)
974,Poughkeepsie,12603,Central Hudson Gas and Electric,,5/21/2019,6000,POINT (-73.89913 41.69802)
631,Lisle,13797,NYS Electric and Gas,,5/21/2018,2500,POINT (-76.031586 42.337886)
798,McGraw,13101,National Grid,,5/21/2018,2500,POINT (-76.09323 42.59615)
364,North Bangor,12966,National Grid,,5/21/2018,2500,POINT (-74.40121 44.84202)
811,Wayland,14572,NYS Electric and Gas,,5/21/2018,2500,POINT (-77.575008 42.558919)
605,Boonville,13309,National Grid,,5/21/2018,2500,POINT (-75.33704 43.48297)
964,Lowville,13367,National Grid,,5/20/2019,2500,POINT (-75.49047 43.78695)
1163,Caledonia,14423,National Grid,,5/19/2020,5489,POINT (-77.8533 42.97389)
196,Carthage,13619,National Grid,,5/19/2017,2500,POINT (-75.60618 43.98008)
66,Wolcott,14590,Rochester Gas and Electric,,5/19/2017,6000,POINT (-76.828703 43.240455)
338,Essex,12936,NYS Electric and Gas,,5/19/2017,2500,POINT (-73.35138 44.30897)
2,Hannibal,13074,National Grid,,5/19/2016,2500,POINT (-76.58071 43.32133)
255,Lockport,14094,National Grid,,5/18/2017,2500,POINT (-78.69511 43.16926)
729,Adams,13605,National Grid,,5/17/2018,2500,POINT (-76.02364 43.81029)
333,Brooklyn,11206,Consolidated Edison,,5/17/2017,2500,POINT (-73.9399 40.708)
309,Munnsville,13409,National Grid,,5/17/2017,2488,POINT (-75.58523 42.97805)
697,Clintondale,12515,Central Hudson Gas and Electric,,5/16/2018,5985,POINT (-74.064032 41.680461)
740,Gansevort,12831,National Grid,,5/16/2018,2500,POINT (-73.65232 43.19646)
722,Burnt Hills,12027,National Grid,,5/16/2018,2500,POINT (-73.89571 42.91321)
624,Berkshire,13736,NYS Electric and Gas,,5/16/2018,2500,POINT (-76.19603 42.316603)
295,Saratoga Springs,12866,National Grid,,5/16/2017,2500,POINT (-73.78441 43.08412)
284,Lexington,12468,Central Hudson Gas and Electric,,5/15/2017,2500,POINT (-74.36141 42.2396)
227,Clymer,14724,National Grid,,5/15/2017,1457,POINT (-79.62799 42.02083)
932,Queensbury,12804,National Grid,,5/14/2019,5020,POINT (-73.67843 43.33318)
890,Fonda,12068,National Grid,,5/14/2019,2825,POINT (-74.3745 42.95452)
571,Chittenango,13037,National Grid,,5/14/2018,2500,POINT (-75.8756 43.0438)
744,Stanley,14561,NYS Electric and Gas,,5/14/2018,2500,POINT (-77.12893 42.822179)
303,Frankfort,13340,National Grid,,5/14/2017,2500,POINT (-75.07407 43.03638)
952,Syracuse,13215,National Grid,,5/13/2019,2500,POINT (-76.19579 43.01742)
764,Cobleskill,12043,National Grid,,5/13/2019,2500,POINT (-74.48317 42.6782)
934,Endicott,13760,NYS Electric and Gas,,5/13/2019,2500,POINT (-76.063761 42.119277)
854,Pine Bush,12566,Orange and Rockland Utilities,,5/13/2019,2500,POINT (-74.331639 41.624382)
907,Marcellus,13108,NYS Electric and Gas,,5/13/2019,2500,POINT (-76.34076 42.98247)
676,Owego,13827,NYS Electric and Gas,,5/13/2018,2500,POINT (-76.252877 42.111474)
634,Windsor,13865,NYS Electric and Gas,,5/13/2018,2500,POINT (-75.643747 42.065354)
51,Earlville,13332,NYS Electric and Gas,,5/12/2017,2500,POINT (-75.571537 42.759935)
280,Lagrangeville,12540,Central Hudson Gas and Electric,,5/1/2017,2500,POINT (-73.741004 41.661444)
125,LeRoy,14482,National Grid,,5/1/2017,2500,POINT (-77.99195 42.97768)
1133,Oswego,13126,National Grid,,5/11/2020,2500,POINT (-76.51119 43.45646)
300,Accord,12404,Central Hudson Gas and Electric,,5/11/2017,2500,POINT (-74.237173 41.820279)
237,Clifton Springs,14432,NYS Electric and Gas,,5/11/2017,2500,POINT (-77.143807 42.961921)
1091,Cohocton,14826,NYS Electric and Gas,,5/10/2020,2500,POINT (-77.496964 42.490952)
1101,Weedsport,13166,Rochester Gas and Electric,,5/10/2020,2500,POINT (-76.556267 43.065869)
257,Hampton,12837,National Grid,,5/10/2017,2500,POINT (-73.25366 43.52409)
517,Ontario,14519,Rochester Gas and Electric,,4/9/2018,616,POINT (-77.31201 43.230706)
620,Lisbon,13658,National Grid,,4/9/2018,2500,POINT (-75.31959 44.72815)
574,Whitney Point,13862,NYS Electric and Gas,,4/9/2018,2500,POINT (-75.940895 42.330498)
510,Warwick,10990,Orange and Rockland Utilities,,4/9/2018,2500,POINT (-74.365461 41.263165)
193,Guilford,13780,NYS Electric and Gas,,4/9/2017,2500,POINT (-75.483493 42.42155)
1150,Williamson,14589,Rochester Gas and Electric,,4/8/2020,3570,POINT (-77.175308 43.241518)
962,Greenwich,12834,National Grid,,4/7/2019,2500,POINT (-73.49696 43.08752)
233,Gouverneur,13642,National Grid,,4/7/2017,2500,POINT (-75.46717 44.33572)
79,Munnsville,13409,National Grid,,4/7/2017,2500,POINT (-75.58523 42.97805)
60,Jamesville,13078,National Grid,,4/7/2017,2500,POINT (-76.07025 42.9916)
278,Utica,13502,National Grid,,4/7/2017,2500,POINT (-75.24245 43.10124)
285,Walton,13856,NYS Electric and Gas,,4/6/2017,761,POINT (-75.164794 42.17512)
179,Troy,12180,National Grid,,4/6/2017,839,POINT (-73.68809 42.73449)
267,Penfield,14526,Rochester Gas and Electric,,4/6/2017,2488,POINT (-77.45526 43.145637)
260,Hamburg,14075,NYS Electric and Gas,,4/6/2017,2500,POINT (-78.83422 42.71624)
925,Patterson,12563,NYS Electric and Gas,,4/5/2019,2500,POINT (-73.584646 41.488946)
228,Granville,12832,NYS Electric and Gas,,4/5/2017,2500,POINT (-73.26576 43.40466)
902,Bath,14810,NYS Electric and Gas,,4/4/2019,2500,POINT (-77.31785 42.33799)
897,Phelps,14532,NYS Electric and Gas,,4/4/2019,3515,POINT (-77.03072 42.963923)
941,Branchport,14418,NYS Electric and Gas,,4/4/2019,2500,POINT (-77.21044 42.607043)
213,South Dayton,14138,NYS Electric and Gas,,4/4/2017,2500,POINT (-79.05105 42.36168)
100,St. Johnsville,13452,National Grid,,4/4/2017,2500,POINT (-74.628407 43.030313)
106,Bombay,12914,National Grid,,4/4/2017,6000,POINT (-74.56748 44.93854)
217,Fabius,13063,National Grid,,4/3/2017,2282,POINT (-75.98716 42.83497)
107,Homer,13077,National Grid,,4/3/2017,6000,POINT (-76.18838 42.64362)
112,Cortland,13045,National Grid,,4/3/2017,2468,POINT (-76.17484 42.60348)
1121,Memphis,13112,National Grid,,4/30/2020,2500,POINT (-76.37731 43.08348)
889,Cambridge,12816,National Grid,,4/30/2019,2580,POINT (-73.38418 43.02814)
968,St. Johnsville,13452,National Grid,,4/30/2019,2500,POINT (-74.628407 43.030313)
1114,Jasper,14855,NYS Electric and Gas,,4/29/2020,2500,POINT (-77.50328 42.12147)
1071,Truxton,13158,National Grid,,4/29/2020,2500,POINT (-76.02915 42.71195)
982,Newfield,14867,NYS Electric and Gas,,4/29/2019,2500,POINT (-76.607292 42.35201)
709,Sennett,13021,NYS Electric and Gas,,4/29/2018,1802,POINT (-76.56538 43.00101)
734,Altamont,12009,National Grid,,4/29/2018,2500,POINT (-74.0328 42.706)
662,Madison,13402,NYS Electric and Gas,,4/29/2018,2500,POINT (-75.50622 42.90094)
613,Pulaski,13142,National Grid,,4/29/2018,2500,POINT (-76.12753 43.56682)
721,Ogdensburg,13669,National Grid,,4/29/2018,2500,POINT (-75.48994 44.69424)
600,Portland,14769,National Grid,,4/29/2018,2500,POINT (-79.48654 42.36162)
1048,Milford,13807,NYS Electric and Gas,,4/28/2020,4080,POINT (-74.985575 42.610749)
1087,Whitney Point,13862,NYS Electric and Gas,,4/28/2020,2500,POINT (-75.940895 42.330498)
1102,Truxton,13158,National Grid,,4/28/2020,2500,POINT (-76.02915 42.71195)
1002,White Sulphur Springs,12787,NYS Electric and Gas,,4/28/2020,2500,POINT (-74.83184 41.80144)
1107,Skaneateles,13152,NYS Electric and Gas,,4/28/2020,2500,POINT (-76.42754 42.94564)
1099,Albion,14411,National Grid,,4/28/2020,4950,POINT (-78.19375 43.24607)
883,Attica,14011,NYS Electric and Gas,,4/28/2019,4421,POINT (-78.28106 42.86402)
189,Hudson Falls,12839,National Grid,,4/28/2017,2500,POINT (-73.58407 43.30447)
277,Amsterdam,12010,National Grid,,4/28/2017,2500,POINT (-74.18893 42.93896)
1270,Saratoga Springs,12866,National Grid,,4/27/2021,5908,POINT (-73.78441 43.08412)
281,Gouverneur,13642,National Grid,,4/27/2017,2500,POINT (-75.46717 44.33572)
197,Eden,14057,National Grid,,4/27/2017,5797,POINT (-78.88597 42.66683)
76,Clayton,13624,National Grid,,4/27/2017,2500,POINT (-76.08174 44.23688)
191,Rush,14543,National Grid,,4/27/2017,5861,POINT (-77.64552 42.99608)
302,Cossayuna,12823,National Grid,,4/27/2017,2500,POINT (-73.42776 43.18328)
214,North Tonawanda,14120,National Grid,,4/27/2017,2500,POINT (-78.86952 43.02968)
225,Norwich,13815,NYS Electric and Gas,,4/27/2017,2500,POINT (-75.535533 42.549221)
922,Waterville,13480,NYS Electric and Gas,,4/25/2019,2500,POINT (-75.366762 42.914366)
950,Mannsville,13661,National Grid,,4/25/2019,2500,POINT (-76.06309 43.71363)
215,Binghamton,13901,NYS Electric and Gas,,4/25/2017,2500,POINT (-75.884165 42.1586)
171,Boonville,13309,National Grid,,4/25/2017,2500,POINT (-75.33704 43.48297)
931,Hudson Falls,12839,National Grid,,4/24/2019,2500,POINT (-73.58407 43.30447)
250,Schuylerville,12871,National Grid,,4/24/2017,2497,POINT (-73.58145 43.09961)
1113,Georgetown,13072,NYS Electric and Gas,,4/23/2020,2500,POINT (-75.73769 42.76869)
1111,Cassville,13318,National Grid,,4/23/2020,3900,POINT (-75.25531 42.94592)
975,Adams,13605,National Grid,,4/23/2020,2500,POINT (-76.02364 43.81029)
979,Cortland,13045,National Grid,,4/22/2020,2500,POINT (-76.17484 42.60348)
1130,Mohawk,13407,National Grid,,4/22/2020,2500,POINT (-75.00465 43.01129)
244,Glenville,12302,National Grid,,4/2/2017,6000,POINT (-73.9324 42.86907)
248,Johnsonville,12094,National Grid,,4/21/2017,2498,POINT (-73.51399 42.91426)
80,Williamson,14589,Rochester Gas and Electric,,4/20/2017,2500,POINT (-77.175308 43.241518)
8,Ithaca,14850,NYS Electric and Gas,,4/20/2016,1500,POINT (-76.49546 42.44051)
1142,Hudson,12534,National Grid,,4/19/2021,2500,POINT (-73.79143 42.25282)
971,Richfield Springs,13439,NYS Electric and Gas,,4/19/2019,2500,POINT (-74.997512 42.853108)
726,Boonville,13309,National Grid,,4/19/2018,2500,POINT (-75.33704 43.48297)
669,Hopewell Junction,12533,Central Hudson Gas and Electric,,4/19/2018,2500,POINT (-73.80744 41.57661)
923,Carmel,10512,NYS Electric and Gas,,4/18/2019,2500,POINT (-73.696731 41.444541)
583,Forestville,14062,NYS Electric and Gas,,4/16/2018,2500,POINT (-79.17639 42.46807)
710,Gardiner,12525,Central Hudson Gas and Electric,,4/16/2018,2500,POINT (-74.177103 41.683748)
263,Newfield,14867,NYS Electric and Gas,,4/16/2017,2500,POINT (-76.607292 42.35201)
1110,West Edmeston,13485,NYS Electric and Gas,,4/14/2021,2500,POINT (-75.27863 42.76337)
221,Greenville,12083,Central Hudson Gas and Electric,,4/13/2017,984,POINT (-74.03142 42.426414)
1072,New Woodstock,13122,National Grid,,4/12/2020,4580,POINT (-75.85439 42.84827)
625,Milton,12547,Central Hudson Gas and Electric,,4/12/2018,5320,POINT (-73.976751 41.655105)
712,Hoosick Falls,12090,National Grid,,4/12/2018,2885,POINT (-73.34957 42.90196)
760,Watertown,13601,National Grid,,4/12/2018,2500,POINT (-75.91428 43.97586)
321,Saquoit,13456,National Grid,,4/12/2018,2500,POINT (-75.25833 43.00464)
650,Lyndonville,14098,National Grid,,4/12/2018,3785,POINT (-78.38875 43.3222)
1204,Cazenovia,13035,National Grid,,4/1/2021,2500,POINT (-75.84845 42.9296)
1106,Romulus,14541,NYS Electric and Gas,,4/1/2021,2500,POINT (-76.8329 42.7522)
1095,Rexville,14877,NYS Electric and Gas,,4/1/2021,2500,POINT (-77.66125 42.08494)
1151,Ithaca,14850,NYS Electric and Gas,,4/1/2020,5962,POINT (-76.49546 42.44051)
937,Watkins Glen,14891,NYS Electric and Gas,,4/11/2019,2500,POINT (-76.93086 42.374999)
901,Newfield,14867,NYS Electric and Gas,,4/11/2019,2500,POINT (-76.607292 42.35201)
949,Frankfort,13340,National Grid,,4/10/2019,2500,POINT (-75.07407 43.03638)
247,Sackets Harbor,13685,National Grid,,4/10/2017,6000,POINT (-76.1175 43.94749)
50,Aurora,13026,NYS Electric and Gas,,4/10/2017,2500,POINT (-76.664773 42.746809)
275,Essex,12936,NYS Electric and Gas,,4/10/2017,2500,POINT (-73.35138 44.30897)
180,Trumansburg,14886,NYS Electric and Gas,,4/10/2017,2500,POINT (-76.681095 42.509918)
1147,Adams Center,13606,National Grid,,3/9/2021,6000,POINT (-76.00492 43.86111)
1061,North Collins,14111,National Grid,,3/9/2021,2500,POINT (-78.94095 42.59468)
1046,Mannsville,13661,National Grid,,3/9/2021,2500,POINT (-76.06309 43.71363)
1049,Hamburg,14075,NYS Electric and Gas,,3/8/2021,2500,POINT (-78.83422 42.71624)
78,Deansboro,13328,NYS Electric and Gas,,3/8/2017,2500,POINT (-75.42937 42.9946)
928,Deansboro,13328,NYS Electric and Gas,,3/7/2019,2500,POINT (-75.42937 42.9946)
175,Boonville,13309,National Grid,,3/7/2018,6000,POINT (-75.33704 43.48297)
682,Red Hook,12571,Central Hudson Gas and Electric,,3/7/2018,5630,POINT (-73.87642 41.99418)
648,Schodack Landing,12156,National Grid,,3/7/2018,2500,POINT (-73.77006 42.47918)
911,Waterloo,13165,NYS Electric and Gas,,3/6/2019,2500,POINT (-76.876553 42.911888)
909,Cambridge,12816,NYS Electric and Gas,,3/6/2019,2500,POINT (-73.38418 43.02814)
610,Owego,13827,NYS Electric and Gas,,3/6/2018,5770,POINT (-76.252877 42.111474)
615,Marietta,13110,National Grid,,3/6/2018,2500,POINT (-76.32643 42.91266)
661,Copake,12516,NYS Electric and Gas,,3/6/2018,2500,POINT (-73.561526 42.106514)
475,Phoenix,13135,National Grid,,3/6/2018,2500,POINT (-76.29914 43.22989)
621,Campbell Hall,10916,Central Hudson Gas and Electric,,3/6/2018,2500,POINT (-74.246861 41.445409)
614,Hopewell Junction,12533,Central Hudson Gas and Electric,,3/6/2018,6000,POINT (-73.80744 41.57661)
579,Galway,12074,National Grid,,3/6/2018,2500,POINT (-74.03201 43.02173)
521,Cassville,13318,National Grid,,3/6/2018,2500,POINT (-75.25531 42.94592)
581,East Concord,14055,NYS Electric and Gas,,3/6/2018,2500,POINT (-78.608834 42.554752)
1098,Westmoreland,13490,National Grid,,3/5/2020,3060,POINT (-75.40512 43.11986)
980,St. Johnsonville,13452,National Grid,,3/5/2020,2500,POINT (-74.67843 42.99876)
1059,Pine Bush,12566,NYS Electric and Gas,,3/5/2020,3570,POINT (-74.331639 41.624382)
1067,Rome,13440,National Grid,,3/5/2020,2500,POINT (-75.45336 43.21516)
1116,Trumansburg,14886,NYS Electric and Gas,,3/5/2020,2500,POINT (-76.681095 42.509918)
927,Fort Plain,13339,National Grid,,3/5/2019,2500,POINT (-74.62332 42.93068)
935,Smyrna,13464,NYS Electric and Gas,,3/5/2019,2500,POINT (-75.620948 42.680025)
473,Rushford,14777,Rochester Gas and Electric,,3/5/2018,2500,POINT (-78.226843 42.388862)
565,Gardiner,12525,Central Hudson Gas and Electric,,3/5/2018,2500,POINT (-74.177103 41.683748)
151,Chaumont,13622,National Grid,,3/5/2017,2500,POINT (-76.13127 44.06767)
1097,Phelps,14532,NYS Electric and Gas,,3/4/2022,4880,POINT (-77.03072 42.963923)
670,Madison,13402,NYS Electric and Gas,,3/4/2019,2500,POINT (-75.50622 42.90094)
918,Richfield Springs,13439,NYS Electric and Gas,,3/4/2019,2500,POINT (-74.997512 42.853108)
593,Burt,14028,National Grid,,3/4/2018,2500,POINT (-78.71228 43.31645)
611,Elmira,14901,NYS Electric and Gas,,3/4/2018,2500,POINT (-76.765553 42.080995)
383,Canandaigua,14424,Rochester Gas and Electric,,3/4/2018,2500,POINT (-77.28094 42.88809)
1171,Mohawk,13407,NYS Electric and Gas,,3/3/2021,2500,POINT (-75.00465 43.01129)
1355,South Fallsburg,12779,NYS Electric and Gas,,3/29/2022,2300,POINT (-74.631881 41.701093)
1379,Liberty,12754,NYS Electric and Gas,,3/29/2022,2500,POINT (-74.738419 41.79796)
1093,Stanley,14561,NYS Electric and Gas,,3/29/2021,2500,POINT (-77.12893 42.822179)
1028,Honeoye Falls,14472,Rochester Gas and Electric,,3/29/2021,2500,POINT (-77.59084 42.95282)
1024,Auburn,13021,National Grid,,3/29/2021,2500,POINT (-76.56591 42.92936)
906,Penn Yan,14527,NYS Electric and Gas,,3/29/2019,2500,POINT (-77.062296 42.662294)
644,Garnd Gorge,12167,NYS Electric and Gas,,3/29/2018,2500,POINT (-74.49385 42.36276)
646,Stamford,12167,NYS Electric and Gas,,3/29/2018,2500,POINT (-74.61738 42.4085)
618,Woodstock,12498,Central Hudson Gas and Electric,,3/29/2018,2500,POINT (-74.109597 42.038305)
532,East Concord,14055,NYS Electric and Gas,,3/29/2018,3453,POINT (-78.608834 42.554752)
718,Ogdensburg,13669,National Grid,,3/29/2018,2500,POINT (-75.48994 44.69424)
163,Brushton,12916,National Grid,,3/29/2017,2500,POINT (-74.51411 44.83009)
1293,Dekalb Junction,13630,National Grid,,3/28/2021,2500,POINT (-75.27263 44.50433)
730,Congers,10920,Orange and Rockland Utilities,,3/28/2018,2500,POINT (-73.940996 41.152106)
731,Kinderhook,12106,National Grid,,3/28/2018,2500,POINT (-73.69837 42.39531)
690,Hudson,12534,National Grid,,3/28/2018,2500,POINT (-73.79143 42.25282)
684,Kinderhook,12106,National Grid,,3/28/2018,3030,POINT (-73.69837 42.39531)
556,Saratoga Springs,12866,National Grid,,3/28/2018,2307,POINT (-73.78441 43.08412)
667,Cold Spring,10516,Central Hudson Gas and Electric,,3/28/2018,4770,POINT (-73.917544 41.449844)
933,Queensbury,12804,National Grid,,3/27/2019,2500,POINT (-73.67843 43.33318)
205,Oneonta,13820,NYS Electric and Gas,,3/26/2017,2500,POINT (-75.05992 42.4556)
1144,Canandaigua,14424,NYS Electric and Gas,,3/25/2020,2500,POINT (-77.28094 42.88809)
882,Glen Aubrey,13777,NYS Electric and Gas,,3/25/2019,2500,POINT (-75.98915 42.25413)
251,Jamesville,13078,National Grid,,3/24/2017,2496,POINT (-76.07025 42.9916)
276,Batavia,14020,National Grid,,3/24/2017,2283,POINT (-78.18838 42.99842)
1092,Wolcott,14590,Rochester Gas and Electric,,3/23/2021,2500,POINT (-76.828703 43.240455)
1139,Saratoga Springs,12866,National Grid,,3/23/2020,2500,POINT (-73.78441 43.08412)
288,Poland,13431,National Grid,,3/23/2017,188,POINT (-75.07266 43.23035)
206,Owego,13827,NYS Electric and Gas,,3/21/2017,2500,POINT (-76.252877 42.111474)
99,Jordanville,13361,National Grid,,3/20/2017,2500,POINT (-74.95181 42.91485)
1063,Warners,13164,NYS Electric and Gas,,3/19/2020,2500,POINT (-76.32931 43.0859)
720,Ogdensburg,13669,National Grid,,3/19/2018,2500,POINT (-75.48994 44.69424)
622,Marlboro,12542,Central Hudson Gas and Electric,,3/19/2018,2500,POINT (-73.991483 41.606585)
701,Stephentown,12168,NYS Electric and Gas,,3/19/2018,2500,POINT (-73.37111 42.54818)
63,Henderson,13650,National Grid,,3/19/2018,2499,POINT (-76.18306 43.8463)
719,Lisbon,13658,National Grid,,3/19/2018,2500,POINT (-75.31959 44.72815)
666,Tarrytown,10591,Consolidated Edison,,3/19/2018,2500,POINT (-73.85865 41.08007)
628,Lisbon,13658,National Grid,,3/19/2018,2500,POINT (-75.31959 44.72815)
520,Owego,13827,NYS Electric and Gas,,3/19/2018,2500,POINT (-76.252877 42.111474)
595,Congers,10920,Orange and Rockland Utilities,,3/19/2018,2500,POINT (-73.940996 41.152106)
238,Turin,13473,National Grid,,3/19/2017,2500,POINT (-75.41 43.62556)
138,Fort Plain,13339,National Grid,,3/19/2017,2500,POINT (-74.62332 42.93068)
219,Utica,13502,National Grid,,3/19/2017,2500,POINT (-75.24245 43.10124)
913,Clyde,14433,NYS Electric and Gas,,3/18/2019,2500,POINT (-76.877191 43.079039)
1108,Dryden,13053,NYS Electric and Gas,,3/16/2020,2500,POINT (-76.29598 42.49062)
1109,Nineveh,13813,NYS Electric and Gas,,3/16/2020,2500,POINT (-75.5355 42.16575)
229,Rochester,14612,Rochester Gas and Electric,,3/16/2017,131,POINT (-77.670545 43.261414)
186,Attica,14011,NYS Electric and Gas,,3/16/2017,2356,POINT (-78.28106 42.86402)
1301,Kendall,14476,National Grid,,3/15/2021,2500,POINT (-78.03601 43.32655)
230,Lisbon,13658,National Grid,,3/15/2017,2500,POINT (-75.31959 44.72815)
182,Dunkirk,14048,National Grid,,3/15/2017,2500,POINT (-79.33578 42.48724)
199,Cooperstown,13326,NYS Electric and Gas,,3/15/2017,2500,POINT (-74.908187 42.717237)
169,Delhi,13753,NYS Electric and Gas,,3/13/2017,2500,POINT (-74.92022 42.27484)
1146,Clymer,14724,National Grid,,3/12/2020,2500,POINT (-79.62799 42.02083)
1043,Lockport,14094,NYS Electric and Gas,,3/12/2020,2043,POINT (-78.69511 43.16926)
623,Pleasant Valley,12569,Central Hudson Gas and Electric,,3/12/2018,2500,POINT (-73.82198 41.74497)
592,Troy,12180,National Grid,,3/12/2018,2500,POINT (-73.68809 42.73449)
44,Skaneateles,13152,National Grid,,3/12/2017,4751,POINT (-76.42754 42.94564)
262,Newark Valley,13811,NYS Electric and Gas,,3/12/2017,2500,POINT (-76.169095 42.23117)
234,Newport,13416,National Grid,,3/12/2017,2500,POINT (-75.01815 43.19067)
22,Owego,13827,NYS Electric and Gas,,3/1/2017,290,POINT (-76.252877 42.111474)
235,Patterson,12563,NYS Electric and Gas,,3/1/2017,2500,POINT (-73.584646 41.488946)
261,Mexico,13114,National Grid,,3/1/2017,2500,POINT (-76.23148 43.45966)
195,Ogdensburg,13669,National Grid,,3/1/2017,2438,POINT (-75.48994 44.69424)
863,New Berlin,13411,NYS Electric and Gas,,3/11/2019,2500,POINT (-75.315689 42.636759)
212,Schenectady,12309,National Grid,,3/11/2017,2497,POINT (-73.90003 42.80697)
1317,Winthrop,13697,National Grid,,3/10/2022,2500,POINT (-74.78774 44.79496)
531,Interlaken,14847,NYS Electric and Gas,,2/7/2018,2500,POINT (-76.734524 42.605109)
566,Gardiner,12525,Central Hudson Gas and Electric,,2/7/2018,6000,POINT (-74.177103 41.683748)
165,Callicoon,12723,NYS Electric and Gas,,2/6/2017,2495,POINT (-75.022744 41.77339)
200,Guilford,13780,NYS Electric and Gas,,2/6/2017,2012,POINT (-75.483493 42.42155)
156,Greene,13778,NYS Electric and Gas,,2/6/2017,2500,POINT (-75.77401 42.33178)
184,Auburn,13021,NYS Electric and Gas,,2/6/2017,2500,POINT (-76.56591 42.92936)
183,Fort Plain,13339,National Grid,,2/6/2017,2500,POINT (-74.62332 42.93068)
187,Jordan,13080,Rochester Gas and Electric,,2/6/2017,2444,POINT (-76.47505 43.080792)
926,Candor,13743,NYS Electric and Gas,,2/5/2019,2498,POINT (-76.335496 42.217413)
194,Fort Plain,13339,National Grid,,2/5/2017,6000,POINT (-74.62332 42.93068)
504,Brockport,14420,National Grid,,2/4/2019,2500,POINT (-77.93845 43.2144)
1134,Kent,14477,National Grid,,2/3/2022,2500,POINT (-78.13551 43.32607)
1070,Medina,14103,National Grid,,2/3/2022,4975,POINT (-78.38691 43.22012)
1089,Perry,14530,NYS Electric and Gas,,2/3/2022,6000,POINT (-78.0055 42.71961)
231,Cassville,13318,National Grid,,2/3/2017,2500,POINT (-75.25531 42.94592)
203,Rossie,13646,National Grid,,2/28/2017,2500,POINT (-75.656 44.37927)
256,Callicoon,12723,NYS Electric and Gas,,2/28/2017,2500,POINT (-75.022744 41.77339)
210,Eden,14057,National Grid,,2/28/2017,2483,POINT (-78.88597 42.66683)
864,New Berlin,13411,NYS Electric and Gas,,2/27/2019,2500,POINT (-75.315689 42.636759)
936,Belmont,14813,NYS Electric and Gas,,2/25/2019,2500,POINT (-77.99246 42.242569)
965,Marathon,13803,NYS Electric and Gas,,2/24/2020,2500,POINT (-76.03513 42.44036)
1279,Naples,14512,NYS Electric and Gas,,2/23/2021,5942,POINT (-77.391738 42.639555)
1290,Lowville,13367,National Grid,,2/23/2021,2500,POINT (-75.49047 43.78695)
1287,Caledonia,14423,National Grid,,2/22/2021,2160,POINT (-77.8533 42.97389)
216,Millerton,12546,Central Hudson Gas and Electric,,2/22/2017,2500,POINT (-73.532337 41.955234)
903,Jeffersonville,12748,NYS Electric and Gas,,2/21/2019,2500,POINT (-74.92253 41.778955)
905,Little Falls,13365,National Grid,,2/21/2019,2500,POINT (-74.85884 43.04079)
178,Fort Ann,12827,National Grid,,2/21/2017,2500,POINT (-73.49172 43.41455)
204,Granville,12832,National Grid,,2/21/2017,2500,POINT (-73.26576 43.40466)
118,Berkshire,13736,NYS Electric and Gas,,2/21/2017,2478,POINT (-76.19603 42.316603)
167,Bloomville,13739,NYS Electric and Gas,,2/21/2017,2500,POINT (-74.807 42.33319)
858,Berlin,12138,NYS Electric and Gas,,2/20/2019,2500,POINT (-73.37266 42.69301)
198,Owego,13827,NYS Electric and Gas,,2/20/2017,2500,POINT (-76.252877 42.111474)
1296,Hammondsport,14840,NYS Electric and Gas,,2/19/2021,4984,POINT (-77.181609 42.444864)
1066,Lowville,13367,National Grid,,2/19/2020,6000,POINT (-75.49047 43.78695)
919,Little Falls,13365,National Grid,,2/19/2019,2500,POINT (-74.85884 43.04079)
657,Wilson,14172,National Grid,,2/19/2019,3195,POINT (-78.82604 43.30736)
917,Newport,13416,National Grid,,2/19/2019,2500,POINT (-75.01815 43.19067)
218,Alexander,14005,National Grid,,2/19/2017,2376,POINT (-78.25627 42.90173)
188,Cobleskill,12043,National Grid,,2/19/2017,2500,POINT (-74.48317 42.6782)
1096,Newark,14513,NYS Electric and Gas,,2/18/2022,6000,POINT (-77.094618 43.063468)
1137,Binghamton,13903,NYS Electric and Gas,,2/18/2020,2500,POINT (-75.901088 42.063181)
476,Eaton,13334,NYS Electric and Gas,,2/18/2018,2500,POINT (-75.654887 42.841829)
485,Hamilton,13346,NYS Electric and Gas,,2/18/2018,2500,POINT (-75.54231 42.821393)
1076,Cazenovia,13035,National Grid,,2/17/2020,2500,POINT (-75.84845 42.9296)
1075,Barton,13734,NYS Electric and Gas,,2/17/2020,2500,POINT (-76.408073 42.072458)
143,Spencerport,14559,Rochester Gas and Electric,,2/17/2017,2500,POINT (-77.80545 43.18626)
1191,Wayland,14572,NYS Electric and Gas,,2/15/2021,2500,POINT (-77.575008 42.558919)
160,Perry,14530,NYS Electric and Gas,,2/15/2017,2500,POINT (-78.0055 42.71961)
818,Smyrna,13464,NYS Electric and Gas,,2/14/2019,2500,POINT (-75.620948 42.680025)
602,Berkshire,13736,NYS Electric and Gas,,2/14/2018,4520,POINT (-76.19603 42.316603)
519,Clinton,13323,National Grid,,2/14/2018,2500,POINT (-75.37879 43.04824)
486,Earlville,13332,NYS Electric and Gas,,2/14/2018,2500,POINT (-75.571537 42.759935)
594,Watertown,13601,National Grid,,2/14/2018,2500,POINT (-75.91428 43.97586)
576,Swan Lake,12783,NYS Electric and Gas,,2/14/2018,2500,POINT (-74.838527 41.738103)
515,Avoca,14809,NYS Electric and Gas,,2/14/2018,2500,POINT (-77.440737 42.418947)
1056,Schaghticoke,12154,National Grid,,2/13/2020,2500,POINT (-73.58644 42.89705)
589,Goshen,10924,Orange and Rockland Utilities,,2/13/2018,5355,POINT (-74.343148 41.383219)
1118,Albion,14411,National Grid,,2/12/2020,2500,POINT (-78.19375 43.24607)
946,Little Falls,13365,National Grid,,2/12/2019,2500,POINT (-74.85884 43.04079)
885,Oswego,13827,NYS Electric and Gas,,2/12/2019,2488,POINT (-76.26213 42.10271)
608,Honeoye Falls,14472,National Grid,,2/12/2018,2500,POINT (-77.59084 42.95282)
538,Cortland,13045,National Grid,,2/12/2018,2500,POINT (-76.17484 42.60348)
559,Slingerlands,12159,National Grid,,2/12/2018,2500,POINT (-73.86618 42.62902)
529,Milton,12547,Central Hudson Gas and Electric,,2/12/2018,5085,POINT (-73.976751 41.655105)
142,Troupsburg,14885,NYS Electric and Gas,,2/12/2017,2500,POINT (-77.568588 42.0461)
801,LaFayette,13084,NYS Electric and Gas,,2/11/2019,2500,POINT (-76.105637 42.891883)
944,Greenwich,12834,National Grid,,2/11/2019,2500,POINT (-73.49696 43.08752)
577,Swan Lake,12783,NYS Electric and Gas,,2/10/2018,6000,POINT (-74.838527 41.738103)
1077,Farmersville,14060,National Grid,,1/9/2020,2500,POINT (-78.37573 42.38811)
20,Ithaca,14850,NYS Electric and Gas,,1/9/2018,5995,POINT (-76.49546 42.44051)
94,Winthrop,13697,National Grid,,1/9/2017,4730,POINT (-74.78774 44.79496)
161,Fultanville,12072,National Grid,,1/9/2017,1536,POINT (-74.37026 42.94801)
1010,Cato,13033,Rochester Gas and Electric,,1/8/2020,2500,POINT (-76.57287 43.16905)
1004,Schaghticoke,12154,National Grid,,1/8/2020,2500,POINT (-73.58644 42.89705)
1083,Stamford,12167,NYS Electric and Gas,,1/8/2020,2500,POINT (-74.61738 42.4085)
1050,Otisville,10963,Orange and Rockland Utilities,,1/8/2020,2500,POINT (-74.53762 41.467452)
860,Oxford,13830,NYS Electric and Gas,,1/8/2019,2500,POINT (-75.628966 42.443227)
87,Otego,13825,NYS Electric and Gas,,1/8/2017,2500,POINT (-75.197571 42.440099)
1086,Carlisle,12031,National Grid,,1/7/2020,2500,POINT (-74.44387 42.75687)
1011,Dansville,14437,NYS Electric and Gas,,1/7/2020,2500,POINT (-77.69694 42.562)
1030,Hilton,14468,Rochester Gas and Electric,,1/7/2020,2500,POINT (-77.79772 43.29093)
1140,Williamson,14589,Rochester Gas and Electric,,1/5/2022,2500,POINT (-77.175308 43.241518)
1084,Waverly,14892,NYS Electric and Gas,,1/5/2022,2500,POINT (-76.528603 42.034064)
145,Valley Falls,12185,National Grid,,1/4/2017,2500,POINT (-73.56245 42.90342)
146,Auburn,13021,NYS Electric and Gas,,1/4/2017,2240,POINT (-76.56591 42.92936)
166,Lowville,13367,National Grid,,1/4/2017,2500,POINT (-75.49047 43.78695)
105,Fabius,13063,National Grid,,1/4/2017,2030,POINT (-75.98716 42.83497)
1014,Ransomville,14131,National Grid,,1/3/2020,1386,POINT (-78.90956 43.23844)
1037,Pavilion,14525,National Grid,,1/3/2020,2500,POINT (-78.02306 42.87516)
447,Lee Center,13363,National Grid,,1/3/2018,2500,POINT (-75.52652 43.3046)
211,Rochester,14624,Rochester Gas and Electric,,1/3/2018,4036,POINT (-77.75409 43.14068)
226,Manlius,13104,National Grid,,1/3/2017,2500,POINT (-75.9804 43.00234)
120,Friendship,14739,Rochester Gas and Electric,,1/30/2017,2500,POINT (-78.13363 42.20788)
224,Goshen,10924,Orange and Rockland Utilities,,1/30/2017,5890,POINT (-74.343148 41.383219)
1122,Marathon,13803,NYS Electric and Gas,,12/9/2021,2500,POINT (-76.03513 42.44036)
1127,Remsen,13438,National Grid,,12/9/2021,2500,POINT (-75.18751 43.32453)
1128,Utica,13502,National Grid,,12/9/2021,2500,POINT (-75.24245 43.10124)
1090,Scipio Center,13147,NYS Electric and Gas,,12/9/2021,2500,POINT (-76.565785 42.778874)
1131,Blossvale,13308,National Grid,,12/9/2021,2500,POINT (-75.64353 43.27884)
1125,Georgetown,13072,NYS Electric and Gas,,12/9/2021,2500,POINT (-75.73769 42.76869)
1080,Copenhagen,13626,National Grid,,1/29/2020,3340,POINT (-75.67336 43.89331)
159,Malone,12953,NYS Electric and Gas,,12/9/2016,2500,POINT (-74.29497 44.84879)
505,Varysburg,14167,NYS Electric and Gas,,12/7/2017,2500,POINT (-78.3134 42.76226)
481,Varysburg,14167,NYS Electric and Gas,,12/7/2017,6000,POINT (-78.3134 42.76226)
523,Fonda,12068,National Grid,,12/7/2017,2500,POINT (-74.3745 42.95452)
131,Clarence Center,14032,NYS Electric and Gas,,1/27/2017,2500,POINT (-78.63716 43.01309)
190,Cambridge,12816,National Grid,,1/27/2017,2500,POINT (-73.38418 43.02814)
109,Schenevus,12155,NYS Electric and Gas,,12/7/2016,2500,POINT (-74.82798 42.54772)
837,Strykersville,14145,NYS Electric and Gas,,12/6/2018,2500,POINT (-78.431089 42.727885)
869,Portageville,14536,Rochester Gas and Electric,,12/6/2018,3713,POINT (-78.082198 42.549244)
220,Remsen,13438,National Grid,,1/26/2017,2500,POINT (-75.18751 43.32453)
490,Oxford,13830,NYS Electric and Gas,,12/5/2017,2483,POINT (-75.628966 42.443227)
77,Schuylerville,12871,National Grid,,1/25/2017,2500,POINT (-73.58145 43.09961)
158,Fort Plain,13339,National Grid,,1/25/2017,2500,POINT (-74.62332 42.93068)
90,Georgetown,13072,NYS Electric and Gas,,12/5/2016,2500,POINT (-75.73769 42.76869)
1052,Greene,13778,NYS Electric and Gas,,12/4/2019,2500,POINT (-75.77401 42.33178)
765,Cuba,14727,National Grid,,12/4/2018,2500,POINT (-78.27694 42.21956)
590,Chester,10918,Orange and Rockland Utilities,,1/24/2018,2500,POINT (-74.259501 41.349912)
626,New Paltz,12548,Central Hudson Gas and Electric,,1/24/2018,2500,POINT (-74.07846 41.74611)
585,Katonah,10536,NYS Electric and Gas,,1/24/2018,2500,POINT (-73.692846 41.270648)
603,Berkshire,13736,NYS Electric and Gas,,1/24/2018,2500,POINT (-76.19603 42.316603)
612,Argyle,12809,National Grid,,1/24/2018,2500,POINT (-73.49067 43.23541)
448,Castorland,13620,NYS Electric and Gas,,1/24/2018,2500,POINT (-75.51238 43.88923)
588,Chester,10918,Orange and Rockland Utilities,,1/24/2018,2500,POINT (-74.259501 41.349912)
346,Cortland,13045,NYS Electric and Gas,,1/24/2018,2500,POINT (-76.17484 42.60348)
500,Elma,14059,NYS Electric and Gas,,12/4/2017,2374,POINT (-78.638752 42.830944)
547,Tivoli,12583,Central Hudson Gas and Electric,,12/4/2017,6000,POINT (-73.91167 42.05917)
170,Cortland,13045,NYS Electric and Gas,,1/24/2017,2500,POINT (-76.17484 42.60348)
108,Yorktown Heights,10598,Consolidated Edison,,1/24/2017,1500,POINT (-73.793408 41.292054)
173,Canastota,13032,National Grid,,1/24/2017,2500,POINT (-75.75489 43.08027)
92,Stuyvesant,12173,National Grid,,1/24/2017,2458,POINT (-73.78433 42.3879)
137,Preble,13141,National Grid,,12/4/2016,2410,POINT (-76.14677 42.73504)
149,Westmoreland,13490,National Grid,,12/4/2016,2500,POINT (-75.40512 43.11986)
553,Mooers Forks,12959,NYS Electric and Gas,,1/23/2018,2500,POINT (-73.63439 44.96017)
607,Honeoye Falls,14472,National Grid,,1/23/2018,1500,POINT (-77.59084 42.95282)
591,Montgomery,12549,Central Hudson Gas and Electric,,1/23/2018,1500,POINT (-74.244699 41.525344)
16,Cazenovia,13035,National Grid,,1/23/2017,75,POINT (-75.84845 42.9296)
1282,Ithaca,14850,NYS Electric and Gas,,12/30/2020,5881,POINT (-76.49546 42.44051)
569,Interlaken,14847,NYS Electric and Gas,,12/27/2017,2500,POINT (-76.734524 42.605109)
601,Berkshire,13736,NYS Electric and Gas,,12/27/2017,2500,POINT (-76.19603 42.316603)
1058,Jordanville,13361,National Grid,,12/26/2019,5976,POINT (-74.95181 42.91485)
1008,Clyde,14433,NYS Electric and Gas,,12/26/2019,2500,POINT (-76.877191 43.079039)
921,Virgil,13045,National Grid,,12/26/2018,971,POINT (-76.18566 42.54515)
551,Ancramdale,12567,Central Hudson Gas and Electric,,12/26/2017,5970,POINT (-73.59133 42.01802)
482,Canaseraga,14822,NYS Electric and Gas,,12/25/2017,2500,POINT (-77.84141 42.432818)
1324,Little Falls,13365,National Grid,,12/23/2021,2500,POINT (-74.85884 43.04079)
177,Fabius,13063,National Grid,,12/22/2016,2459,POINT (-75.98716 42.83497)
1065,Chester,10918,Orange and Rockland Utilities,,1/22/2020,2500,POINT (-74.259501 41.349912)
999,Schaghticoke,12154,National Grid,,12/2/2019,2500,POINT (-73.58644 42.89705)
139,Croghan,13327,National Grid,,1/22/2017,2500,POINT (-75.39118 43.89781)
1303,Moravia,13118,NYS Electric and Gas,,12/20/2021,2500,POINT (-76.42153 42.71215)
1132,Ellenburg Center,12934,NYS Electric and Gas,,1/2/2020,2500,POINT (-73.889006 44.84782)
1036,Delmar,12054,National Grid,,1/2/2020,2500,POINT (-73.83044 42.62312)
1103,Frankfort,13340,National Grid,,1/2/2020,2500,POINT (-75.07407 43.03638)
920,Munnsville,13409,National Grid,,1/2/2020,2500,POINT (-75.58523 42.97805)
714,Ogdensburg,13669,National Grid,,12/19/2018,2500,POINT (-75.48994 44.69424)
575,Swan Lake,12783,NYS Electric and Gas,,12/19/2017,2500,POINT (-74.838527 41.738103)
537,Mohawk,13407,National Grid,,12/19/2017,2500,POINT (-75.00465 43.01129)
586,Yorktown Heights,10598,Consolidated Edison,,12/19/2017,2500,POINT (-73.793408 41.292054)
555,Frewsburg,14738,National Grid,,12/19/2017,2500,POINT (-79.16058 42.05266)
492,Chittenango,13037,National Grid,,12/19/2017,2500,POINT (-75.8756 43.0438)
549,Holland Patent,13438,National Grid,,12/19/2017,2500,POINT (-75.25706 43.24164)
563,Jeffersonville,12748,NYS Electric and Gas,,12/19/2017,6000,POINT (-74.92253 41.778955)
560,Ferndale,12734,NYS Electric and Gas,,12/19/2017,3560,POINT (-74.750902 41.742642)
558,Callicoon,12723,NYS Electric and Gas,,12/19/2017,2500,POINT (-75.022744 41.77339)
526,West Charlton,12010,National Grid,,12/19/2017,2500,POINT (-73.96023 42.93431)
72,Ulster Park,12487,Central Hudson Gas and Electric,,12/19/2016,2491,POINT (-73.997208 41.861031)
449,Silver Springs,14550,NYS Electric and Gas,,12/18/2017,2500,POINT (-78.094894 42.674084)
596,Swan Lake,12783,NYS Electric and Gas,,12/18/2017,2500,POINT (-74.838527 41.738103)
550,Pine Plains,12567,Central Hudson Gas and Electric,,12/18/2017,5965,POINT (-73.655471 41.983843)
258,Berne,12023,National Grid,,12/18/2017,2488,POINT (-74.14201 42.62536)
572,Gansvoort,12831,National Grid,,12/18/2017,2500,POINT (-73.65232 43.19646)
493,Clayton,13656,National Grid,,12/18/2017,2500,POINT (-76.08174 44.23688)
706,Clifton Springs,14561,Rochester Gas and Electric,,12/17/2018,4805,POINT (-77.13883 42.9615)
886,Wayland,14572,NYS Electric and Gas,,12/17/2018,1002,POINT (-77.575008 42.558919)
1135,North Java,14113,NYS Electric and Gas,,12/16/2019,2500,POINT (-78.33763 42.69403)
821,Cato,13033,Rochester Gas and Electric,,12/16/2018,2500,POINT (-76.57287 43.16905)
704,Bloomfield,14469,Rochester Gas and Electric,,12/14/2018,4525,POINT (-77.43121 42.89798)
39,Little Falls,13365,National Grid,,12/13/2016,2500,POINT (-74.85884 43.04079)
127,Millerton,12546,Central Hudson Gas and Electric,,12/12/2016,2500,POINT (-73.532337 41.955234)
123,Binghamton,13903,NYS Electric and Gas,,12/12/2016,2500,POINT (-75.901088 42.063181)
73,New Paltz,12561,Central Hudson Gas and Electric,,12/12/2016,2500,POINT (-74.07846 41.74611)
128,Cato,13033,Rochester Gas and Electric,,12/12/2016,2500,POINT (-76.57287 43.16905)
1334,Dundee,14837,NYS Electric and Gas,,12/1/2021,2405,POINT (-77.010042 42.501328)
185,Penn Yan,14527,NYS Electric and Gas,,1/21/2018,5999,POINT (-77.062296 42.662294)
584,Yorktown Heights,10598,Consolidated Edison,,1/21/2018,2500,POINT (-73.793408 41.292054)
609,Hyde Park,12538,Central Hudson Gas and Electric,,1/21/2018,2500,POINT (-73.899329 41.78865)
580,Millbrook,12545,Central Hudson Gas and Electric,,1/21/2018,2500,POINT (-73.680398 41.788456)
115,Geneva,14456,NYS Electric and Gas,,12/1/2016,2500,POINT (-76.98218 42.86642)
1053,Barton,13734,NYS Electric and Gas,,12/11/2019,2500,POINT (-76.408073 42.072458)
870,Beekmantown,12901,NYS Electric and Gas,,12/11/2018,4060,POINT (-73.47796 44.77619)
568,Montgomery,12549,Central Hudson Gas and Electric,,12/11/2017,2500,POINT (-74.244699 41.525344)
431,Chase Mills,13621,National Grid,,12/11/2017,2500,POINT (-75.08 44.84809)
567,Walden,12586,NYS Electric and Gas,,12/11/2017,2500,POINT (-74.174903 41.563126)
153,Croghan,13327,National Grid,,12/11/2016,2500,POINT (-75.39118 43.89781)
894,West Edmoston,13485,NYS Electric and Gas,,12/10/2018,6000,POINT (-75.27863 42.76337)
1162,Berlin,12022,NYS Electric and Gas,,1/20/2021,6000,POINT (-73.350974 42.675489)
878,Richfield Springs,13439,NYS Electric and Gas,,11/9/2018,2500,POINT (-74.997512 42.853108)
435,Westport,12993,NYS Electric and Gas,,11/9/2017,2500,POINT (-73.43526 44.18421)
544,Rhinebeck,12572,Central Hudson Gas and Electric,,11/9/2017,2500,POINT (-73.90971 41.92704)
436,Harrisville,13648,National Grid,,11/9/2017,2497,POINT (-75.31531 44.15009)
433,Lowville,13367,National Grid,,11/9/2017,2497,POINT (-75.49047 43.78695)
507,Panama,14767,National Grid,,11/9/2017,5985,POINT (-79.48365 42.07495)
144,Apulia Station,13159,National Grid,,11/9/2016,275,POINT (-76.06931 42.81949)
129,Lorriane,13659,National Grid,,11/9/2016,2500,POINT (-75.95876 43.76595)
97,Potsdam,13676,National Grid,,11/9/2016,2500,POINT (-74.98656 44.66987)
1094,LeRoy,14482,National Grid,,1/18/2022,2500,POINT (-77.99195 42.97768)
1306,Hurleyville,12747,NYS Electric and Gas,,11/8/2021,5988,POINT (-74.6558 41.767063)
930,North Collins,14111,National Grid,,1/18/2019,1984,POINT (-78.94095 42.59468)
768,Amsterdam,12010,National Grid,,11/8/2018,2500,POINT (-74.18893 42.93896)
857,Leicester,14481,NYS Electric and Gas,,11/8/2018,3015,POINT (-77.916915 42.7754)
546,Poughkeepsie,12603,Central Hudson Gas and Electric,,11/8/2017,5630,POINT (-73.89913 41.69802)
548,Cold Spring,10516,Central Hudson Gas and Electric,,11/8/2017,5400,POINT (-73.917544 41.449844)
362,Nunda,14517,NYS Electric and Gas,,11/8/2017,2500,POINT (-77.897084 42.589458)
389,Pavilion,14525,National Grid,,11/8/2017,2500,POINT (-78.02306 42.87516)
292,North Java,14113,NYS Electric and Gas,,11/8/2017,1228,POINT (-78.33763 42.69403)
441,Freedom,14065,National Grid,,11/8/2017,2500,POINT (-78.38541 42.49798)
157,Florida,10921,Orange and Rockland Utilities,,11/8/2016,2500,POINT (-74.363989 41.32719)
113,Marathon,13803,NYS Electric and Gas,,11/8/2016,2500,POINT (-76.03513 42.44036)
1041,Barton,13734,NYS Electric and Gas,,11/7/2019,2500,POINT (-76.408073 42.072458)
660,Kent,14477,National Grid,,1/17/2019,2500,POINT (-78.13551 43.32607)
316,Munnsville,13409,NYS Electric and Gas,,1/17/2019,2500,POINT (-75.58523 42.97805)
938,North Collins,14111,National Grid,,1/17/2019,1654,POINT (-78.94095 42.59468)
377,Freedom,14065,National Grid,,11/7/2017,2500,POINT (-78.38541 42.49798)
1274,Jeffersonville,12748,NYS Electric and Gas,,11/6/2020,2302,POINT (-74.92253 41.778955)
1069,Tully,13159,National Grid,,1/16/2020,2500,POINT (-76.10971 42.79814)
987,Manlius,13104,National Grid,,11/6/2019,2500,POINT (-75.9804 43.00234)
683,Albion,14411,National Grid,,11/6/2019,2500,POINT (-78.19375 43.24607)
1025,Oswego,13126,National Grid,,11/6/2019,2500,POINT (-76.51119 43.45646)
758,Skaneateles,13152,NYS Electric and Gas,,1/16/2019,4525,POINT (-76.42754 42.94564)
552,Essex,12936,NYS Electric and Gas,,1/16/2018,2500,POINT (-73.35138 44.30897)
573,Pine Bush,12566,NYS Electric and Gas,,1/16/2018,6000,POINT (-74.331639 41.624382)
604,Canadaigua,14424,Rochester Gas and Electric,,1/16/2018,2500,POINT (-77.28094 42.88809)
554,Geneva,14456,NYS Electric and Gas,,1/16/2018,2500,POINT (-76.98218 42.86642)
570,Ferndale,12734,NYS Electric and Gas,,1/16/2018,6000,POINT (-74.750902 41.742642)
315,Cortland,13045,National Grid,,11/6/2017,457,POINT (-76.17484 42.60348)
985,Portageville,14536,NYS Electric and Gas,,11/5/2019,2500,POINT (-78.082198 42.549244)
956,Lyndonville,14098,NYS Electric and Gas,,11/5/2019,3020,POINT (-78.38875 43.3222)
1013,Richfield Springs,13439,NYS Electric and Gas,,11/4/2019,2500,POINT (-74.997512 42.853108)
700,Cato,13033,Rochester Gas and Electric,,1/14/2019,2500,POINT (-76.57287 43.16905)
562,Glenfield,13343,National Grid,,1/14/2018,2500,POINT (-75.40378 43.70927)
503,Marathon,13803,NYS Electric and Gas,,1/14/2018,2500,POINT (-76.03513 42.44036)
1074,Stanley,14561,NYS Electric and Gas,,1/13/2020,2320,POINT (-77.12893 42.822179)
67,Goshen,10924,Orange and Rockland Utilities,,1/13/2017,2500,POINT (-74.343148 41.383219)
253,Newport,13416,National Grid,,11/30/2017,206,POINT (-75.01815 43.19067)
201,Barker,14012,National Grid,,11/30/2017,805,POINT (-78.55259 43.33009)
162,Albion,14411,National Grid,,11/30/2017,470,POINT (-78.19375 43.24607)
282,Preble,13141,National Grid,,11/30/2017,182,POINT (-76.14677 42.73504)
252,Lansing,14882,NYS Electric and Gas,,11/30/2017,1251,POINT (-76.555392 42.576404)
290,Alden,14004,NYS Electric and Gas,,11/30/2017,184,POINT (-78.49159 42.90015)
114,South Dayton,14138,NYS Electric and Gas,,11/30/2016,2500,POINT (-79.05105 42.36168)
557,Roscoe,12776,NYS Electric and Gas,,11/29/2017,2500,POINT (-74.947074 41.945456)
133,Eden,14075,National Grid,,11/29/2016,2500,POINT (-78.88597 42.66683)
495,Watertown,13601,National Grid,,11/28/2017,2500,POINT (-75.91428 43.97586)
469,Varysburg,14167,National Grid,,11/28/2017,2500,POINT (-78.3134 42.76226)
561,Ferndale,12734,NYS Electric and Gas,,11/28/2017,2500,POINT (-74.750902 41.742642)
134,DePeyster,13633,National Grid,,11/28/2016,2065,POINT (-75.43572 44.55218)
58,Auburn,13021,NYS Electric and Gas,,11/27/2016,2495,POINT (-76.56591 42.92936)
536,Warnerville,12187,National Grid,,11/26/2017,2500,POINT (-74.46694 42.62549)
1032,Watertown,13601,National Grid,,11/25/2019,2500,POINT (-75.91428 43.97586)
1054,Latham,12110,National Grid,,11/24/2019,2500,POINT (-73.76181 42.74418)
1034,Clymer,14724,National Grid,,11/24/2019,2500,POINT (-79.62799 42.02083)
1019,Red Creek,13143,Rochester Gas and Electric,,11/24/2019,2500,POINT (-76.71183 43.233045)
1277,Chazy,12921,NYS Electric and Gas,,11/23/2020,3325,POINT (-73.43552 44.88589)
93,Ithaca,14850,NYS Electric and Gas,,11/23/2016,1500,POINT (-76.49546 42.44051)
543,Walton,13856,NYS Electric and Gas,,11/22/2017,2500,POINT (-75.164794 42.17512)
41,Dryden,13053,NYS Electric and Gas,,11/22/2016,2500,POINT (-76.29598 42.49062)
1345,Deansboro,13328,NYS Electric and Gas,,1/12/2022,2500,POINT (-75.42937 42.9946)
1081,Taberg,13471,National Grid,,1/12/2020,2500,POINT (-75.61976 43.30221)
209,Pine Island,10969,Orange and Rockland Utilities,,1/12/2017,2500,POINT (-74.486965 41.292249)
997,Casterland,13620,National Grid,,11/21/2019,2500,POINT (-75.51238 43.88923)
947,West Chazy,12992,NYS Electric and Gas,,11/21/2019,2500,POINT (-73.513603 44.81334)
480,Delhi,13753,NYS Electric and Gas,,11/21/2017,2500,POINT (-74.92022 42.27484)
117,Gansevoort,12831,National Grid,,11/21/2016,2500,POINT (-73.65232 43.19646)
1044,Turin,13473,National Grid,,11/20/2019,2500,POINT (-75.41 43.62556)
1007,Waterloo,13165,NYS Electric and Gas,,11/20/2019,2500,POINT (-76.876553 42.911888)
1060,Brewster,10509,NYS Electric and Gas,,11/20/2019,2500,POINT (-73.595855 41.409828)
518,Lyons,14489,NYS Electric and Gas,,11/20/2017,2500,POINT (-76.993653 43.084482)
1016,Jamesville,13078,National Grid,,11/19/2019,2500,POINT (-76.07025 42.9916)
981,Dansville,14437,National Grid,,11/19/2019,2500,POINT (-77.69694 42.562)
800,Canastota,13032,National Grid,,11/19/2018,2500,POINT (-75.75489 43.08027)
116,Franklin,13775,NYS Electric and Gas,,11/17/2016,2269,POINT (-75.16705 42.34168)
545,Annandale,12504,Central Hudson Gas and Electric,,11/16/2017,2500,POINT (-73.90823 42.01333)
472,Florida,10921,Orange and Rockland Utilities,,11/16/2017,6000,POINT (-74.363989 41.32719)
564,Meridale,13806,NYS Electric and Gas,,11/16/2017,2500,POINT (-74.99728 42.37742)
1235,Scipio Center,13147,NYS Electric and Gas,,11/15/2020,4000,POINT (-76.565785 42.778874)
782,Cohocton,14826,NYS Electric and Gas,,11/15/2018,2500,POINT (-77.496964 42.490952)
852,Oneida,13421,NYS Electric and Gas,,11/15/2018,2500,POINT (-75.6556 43.09938)
688,Ransomville,14131,NYS Electric and Gas,,11/15/2018,2500,POINT (-78.90956 43.23844)
663,North Java,14113,NYS Electric and Gas,,11/15/2018,2500,POINT (-78.33763 42.69403)
770,Theresa,13691,National Grid,,11/15/2018,2500,POINT (-75.80635 44.2175)
809,Batavia,14020,National Grid,,11/15/2018,2500,POINT (-78.18838 42.99842)
874,Dekalb,13630,National Grid,,11/15/2018,2500,POINT (-75.34266 44.49874)
713,Norfolk,13667,National Grid,,11/15/2018,2500,POINT (-74.98356 44.80086)
833,Smyrna,13464,NYS Electric and Gas,,11/15/2018,2500,POINT (-75.620948 42.680025)
778,Jamesville,13078,National Grid,,11/15/2018,3020,POINT (-76.07025 42.9916)
692,Wolcott,14590,Rochester Gas and Electric,,11/15/2018,2500,POINT (-76.828703 43.240455)
268,Fort Ann,12827,National Grid,,11/15/2017,5985,POINT (-73.49172 43.41455)
1088,Delevan,14042,National Grid,,11/14/2019,2500,POINT (-78.48029 42.49056)
1018,Fulton,13069,National Grid,,11/14/2019,2500,POINT (-76.41527 43.32201)
1073,Canaseraga,14822,NYS Electric and Gas,,11/14/2019,2252,POINT (-77.84141 42.432818)
759,Elbridge,13060,NYS Electric and Gas,,11/14/2018,2500,POINT (-76.45103 43.03397)
705,Shortsville,14548,Rochester Gas and Electric,,11/14/2018,4165,POINT (-77.24468 42.976557)
470,West Winfield,13491,NYS Electric and Gas,,11/14/2017,2500,POINT (-75.19378 42.88517)
164,Canaseroga,14822,NYS Electric and Gas,,11/14/2016,2071,POINT (-77.77751 42.46129)
774,Gainesville,14066,National Grid,,11/13/2018,2500,POINT (-78.13413 42.64198)
771,Barneveld,13304,National Grid,,11/13/2018,2500,POINT (-75.19067 43.27397)
501,South Plymouth,13844,NYS Electric and Gas,,11/13/2017,150,POINT (-75.674315 42.609119)
98,Peru,12972,NYS Electric and Gas,,11/13/2016,2500,POINT (-73.544857 44.560576)
96,Berne,12023,National Grid,,11/13/2016,2500,POINT (-74.14201 42.62536)
59,Lisbon,13658,National Grid,,11/13/2016,2500,POINT (-75.31959 44.72815)
1104,Richford,13835,NYS Electric and Gas,,11/12/2021,2500,POINT (-76.17105 42.385431)
681,Hamburg,14075,NYS Electric and Gas,,11/12/2018,2500,POINT (-78.83422 42.71624)
767,Heuvelton,13654,National Grid,,11/12/2018,2500,POINT (-75.40856 44.61887)
606,Theresa,13691,National Grid,,11/12/2018,2500,POINT (-75.80635 44.2175)
1322,Fonda,12068,National Grid,,1/11/2022,2500,POINT (-74.3745 42.95452)
530,Marlboro,12542,Central Hudson Gas and Electric,,11/1/2017,2500,POINT (-73.991483 41.606585)
540,Thompson Ridge,10985,Orange and Rockland Utilities,,11/1/2017,2500,POINT (-74.33477 41.57081)
132,Fort Plain,13339,National Grid,,1/11/2017,2500,POINT (-74.62332 42.93068)
174,Seneca Castle,14432,NYS Electric and Gas,,1/11/2017,2500,POINT (-77.09629 42.88719)
130,Pine Island,10969,Orange and Rockland Utilities,,11/1/2016,2500,POINT (-74.486965 41.292249)
14,Cazenovia,13035,National Grid,,11/10/2016,2500,POINT (-75.84845 42.9296)
150,Ilion,13357,National Grid,,11/10/2016,2500,POINT (-75.04217 43.0184)
152,Goshen,10924,Orange and Rockland Utilities,,11/10/2016,2500,POINT (-74.343148 41.383219)
91,Salem,12865,NYS Electric and Gas,,11/10/2016,2060,POINT (-73.32778 43.17432)
984,Canton,13617,National Grid,,10/9/2019,2500,POINT (-75.16983 44.59994)
468,Sherman,14781,National Grid,,10/9/2017,2500,POINT (-79.59596 42.15934)
1009,Hoosick Falls,12090,National Grid,,10/8/2019,5978,POINT (-73.34957 42.90196)
89,West Seneca,14224,NYS Electric and Gas,,10/6/2016,2824,POINT (-78.75383 42.83504)
400,Kent,14477,National Grid,,10/5/2017,2500,POINT (-78.13551 43.32607)
450,Kinderhook,12106,National Grid,,10/5/2017,2500,POINT (-73.69837 42.39531)
1268,South New Berlin,13843,NYS Electric and Gas,,10/4/2020,2496,POINT (-75.373046 42.524079)
478,Locke,13092,NYS Electric and Gas,,10/4/2017,2500,POINT (-76.42596 42.650898)
380,Pike,14024,Rochester Gas and Electric,,10/4/2017,2500,POINT (-78.15847 42.55785)
399,Jamestown,14701,National Grid,,10/4/2017,2500,POINT (-79.2378 42.09605)
509,Florida,10921,Orange and Rockland Utilities,,10/4/2017,2500,POINT (-74.363989 41.32719)
496,Pine Bush,12566,Orange and Rockland Utilities,,10/4/2017,2500,POINT (-74.331639 41.624382)
488,Rome,13440,National Grid,,10/4/2017,2500,POINT (-75.45336 43.21516)
411,Preble,13141,NYS Electric and Gas,,10/4/2017,2500,POINT (-76.14677 42.73504)
45,Sharon Springs,13459,National Grid,,10/4/2016,2500,POINT (-74.61722 42.79531)
62,Chenango Forks,13746,NYS Electric and Gas,,10/4/2016,2500,POINT (-75.821814 42.26358)
527,Eagle Bridge,12057,National Grid,,10/3/2017,2500,POINT (-73.39377 42.94997)
460,Montgomery,12549,Central Hudson Gas and Electric,,10/3/2017,2500,POINT (-74.244699 41.525344)
494,Pine Bush,12566,NYS Electric and Gas,,10/3/2017,2500,POINT (-74.331639 41.624382)
512,Goshen,10924,Orange and Rockland Utilities,,10/31/2017,2500,POINT (-74.343148 41.383219)
474,Watkins Glen,14891,NYS Electric and Gas,,10/31/2017,2500,POINT (-76.93086 42.374999)
401,Marathon,13803,NYS Electric and Gas,,10/31/2017,2486,POINT (-76.03513 42.44036)
421,Sprakers,12166,National Grid,,10/31/2017,2500,POINT (-74.51427 42.89135)
154,Copenhagen,13626,National Grid,,10/31/2016,2500,POINT (-75.67336 43.89331)
110,New Hampton,10958,Orange and Rockland Utilities,,10/31/2016,2500,POINT (-74.42923 41.383487)
1042,Westmoreland,13323,National Grid,,10/30/2019,2500,POINT (-75.40512 43.11986)
542,Brewster,10509,NYS Electric and Gas,,10/30/2017,2500,POINT (-73.595855 41.409828)
524,Westtown,10998,Orange and Rockland Utilities,,10/30/2017,2500,POINT (-74.544095 41.329219)
414,Scipio Center,13147,NYS Electric and Gas,,10/30/2017,2500,POINT (-76.565785 42.778874)
103,Lafargeville,13656,National Grid,,10/30/2016,2500,POINT (-75.96182 44.19682)
140,Malone,12953,NYS Electric and Gas,,10/30/2016,2500,POINT (-74.29497 44.84879)
121,New Hampton,10958,Orange and Rockland Utilities,,10/29/2016,2500,POINT (-74.42923 41.383487)
1272,Lodi,14860,NYS Electric and Gas,,10/28/2020,2500,POINT (-76.82199 42.61403)
900,Sterling,13156,Rochester Gas and Electric,,10/28/2019,1021,POINT (-76.64533 43.32583)
875,Amsterdam,12010,National Grid,,10/28/2018,2500,POINT (-74.18893 42.93896)
691,Piseco,12139,NYS Electric and Gas,,10/28/2018,2500,POINT (-74.50698 43.4232)
737,Arcade,14009,NYS Electric and Gas,,10/27/2018,2500,POINT (-78.42825 42.53383)
808,Holland Patent,13354,National Grid,,10/27/2018,2500,POINT (-75.25706 43.24164)
516,Morrisville,13408,NYS Electric and Gas,,10/27/2017,2500,POINT (-75.64618 42.89895)
1319,Randolph,14772,National Grid,,10/26/2021,5997,POINT (-78.97436 42.1624)
534,Chester,10918,Orange and Rockland Utilities,,10/26/2017,5240,POINT (-74.259501 41.349912)
1294,Apulia Station,13159,National Grid,,10/25/2021,2500,POINT (-76.06931 42.81949)
273,North Bangor,12966,National Grid,,10/25/2017,2500,POINT (-74.40121 44.84202)
535,Maryland,12116,NYS Electric and Gas,,10/24/2017,2500,POINT (-74.93232 42.5008)
783,Paris Station,13456,National Grid,,10/22/2018,2500,POINT (-75.31191 43.00012)
853,Little Falls,13365,National Grid,,10/22/2018,2500,POINT (-74.85884 43.04079)
533,Marlboro,12542,Central Hudson Gas and Electric,,10/22/2017,2500,POINT (-73.991483 41.606585)
426,Castorland,13620,National Grid,,10/22/2017,2475,POINT (-75.51238 43.88923)
1129,Westford,13488,National Grid,,10/21/2020,2500,POINT (-74.79543 42.65212)
1138,Rexford,12148,National Grid,,10/21/2020,2500,POINT (-73.88796 42.85408)
988,Ilion,13357,National Grid,,10/21/2020,2488,POINT (-75.04217 43.0184)
81,Dryden,13053,NYS Electric and Gas,,10/21/2016,2500,POINT (-76.29598 42.49062)
1278,Ellenville,12428,Central Hudson Gas and Electric,,10/19/2020,4937,POINT (-74.436554 41.727616)
69,Cornwall,12518,Central Hudson Gas and Electric,,10/19/2016,6000,POINT (-74.030216 41.423638)
511,Warwick,10990,Orange and Rockland Utilities,,10/18/2017,2500,POINT (-74.365461 41.263165)
122,New Hampton,10958,Orange and Rockland Utilities,,10/18/2016,2500,POINT (-74.42923 41.383487)
877,Hammond,13646,National Grid,,10/17/2018,2500,POINT (-75.69394 44.44962)
525,Warwick,10990,Orange and Rockland Utilities,,10/17/2017,4620,POINT (-74.365461 41.263165)
477,Hinsadle,14743,National Grid,,10/17/2017,2500,POINT (-78.39366 42.16324)
42,Freeville,13068,NYS Electric and Gas,,10/17/2016,2500,POINT (-76.359264 42.505028)
56,Mohawk,13407,National Grid,,10/17/2016,2500,POINT (-75.00465 43.01129)
71,Stafford,14143,National Grid,,10/17/2016,2500,POINT (-78.07349 42.98365)
124,Larchmont,10538,Consolidated Edison,,10/17/2016,2500,POINT (-73.756566 40.935552)
82,Cambridge,12816,National Grid,,10/17/2016,2500,POINT (-73.38418 43.02814)
1001,Hamburg,14075,NYS Electric and Gas,,10/16/2019,2500,POINT (-78.83422 42.71624)
861,Taberg,13471,National Grid,,10/16/2018,2500,POINT (-75.61976 43.30221)
655,Athol,12810,National Grid,,10/16/2018,2500,POINT (-73.884905 43.484721)
862,Little Falls,13365,National Grid,,10/16/2018,2500,POINT (-74.85884 43.04079)
773,Watertown,13601,National Grid,,10/16/2018,2500,POINT (-75.91428 43.97586)
382,Calcium,13616,National Grid,,10/16/2017,2500,POINT (-75.84752 44.02544)
723,Sterling,13156,Rochester Gas and Electric,,10/15/2018,2500,POINT (-76.64533 43.32583)
416,Valley Falls,12185,National Grid,,10/15/2017,4420,POINT (-73.56245 42.90342)
432,Johnstown,12095,National Grid,,10/15/2017,2500,POINT (-74.36846 43.00655)
1280,McDonough,13801,NYS Electric and Gas,,10/14/2020,2372,POINT (-75.76947 42.49839)
84,Sharon Springs,13459,National Grid,,10/14/2016,2500,POINT (-74.61722 42.79531)
466,West Falls,14170,NYS Electric and Gas,,10/13/2017,2489,POINT (-78.668789 42.701944)
304,Appleton,14008,National Grid,,10/1/2019,6000,POINT (-78.64914 43.32708)
502,Seneca Falls,13148,NYS Electric and Gas,,10/1/2017,2500,POINT (-76.80882 42.91054)
445,Alden,14004,NYS Electric and Gas,,10/1/2017,2500,POINT (-78.49159 42.90015)
464,Middletown,10963,Orange and Rockland Utilities,,10/1/2017,6000,POINT (-74.42261 41.44584)
1316,Johnstown,12095,National Grid,,10/11/2021,2497,POINT (-74.36846 43.00655)
1219,Warsaw,14569,NYS Electric and Gas,,10/11/2020,5632,POINT (-78.1332 42.74022)
867,North Bangor,12966,National Grid,,10/11/2018,2500,POINT (-74.40121 44.84202)
792,LaFayette,13084,National Grid,,10/11/2018,2500,POINT (-76.105637 42.891883)
785,Cobleskill,12043,National Grid,,10/11/2018,2500,POINT (-74.48317 42.6782)
522,Campbell Hall,10916,Central Hudson Gas and Electric,,10/11/2017,2500,POINT (-74.246861 41.445409)
88,Canastota,13032,National Grid,,10/11/2016,2500,POINT (-75.75489 43.08027)
639,Batavia,14020,National Grid,,10/10/2018,2500,POINT (-78.18838 42.99842)
679,Argyle,12809,National Grid,,10/10/2018,3025,POINT (-73.49067 43.23541)
806,Redwood,13679,National Grid,,10/10/2018,2500,POINT (-75.80219 44.30276)
479,Monroe,10950,Orange and Rockland Utilities,,10/10/2017,2500,POINT (-74.194618 41.322198)
440,Clymer,14724,National Grid,,10/10/2017,2500,POINT (-79.62799 42.02083)
514,Warwick,10990,Orange and Rockland Utilities,,10/10/2017,6000,POINT (-74.365461 41.263165)
499,Wallkill,12589,Central Hudson Gas and Electric,,10/10/2017,2500,POINT (-74.144403 41.619869)
374,Mount Upton,13809,NYS Electric and Gas,,10/10/2017,2500,POINT (-75.396249 42.407791)
484,Marlboro,12542,Central Hudson Gas and Electric,,10/10/2017,2500,POINT (-73.991483 41.606585)
513,Warwick,10990,Orange and Rockland Utilities,,10/10/2017,2500,POINT (-74.365461 41.263165)
101,King Ferry,13081,NYS Electric and Gas,,10/10/2016,2500,POINT (-76.624187 42.671356)
85,Canastota,13032,National Grid,,10/10/2016,3829,POINT (-75.75489 43.08027)
57,Canton,13617,National Grid,,10/10/2016,2500,POINT (-75.16983 44.59994)
